url,type,source_page
http://services.google.com/fh/files/misc/predarea_de_acasa_ghid_pentru_profesori.pdf,pdf,https://classroom.ulbsibiu.ro/ajutor.php
https://admitere.ulbsibiu.ro/resources/front/img/ulbs/ro/Ghid-admitere.pdf,pdf,https://admitere.ulbsibiu.ro/texts/accessibility
https://admitere.ulbsibiu.ro/resources/front/img/ulbs/ro/Ghid-Confirmare-loc.pdf,pdf,https://admitere.ulbsibiu.ro/texts/accessibility
https://senat.ulbsibiu.ro/wp-content/uploads/041225/2_Regulament%20_ULBS_ADMITERE_2026_2027.pdf,pdf,https://admitere.ulbsibiu.ro/articol/46/termeni-si-conditii
https://www.ulbsibiu.ro/wp-content/uploads/documents/generale/Nota%20de%20informare-v2.pdf,pdf,https://admitere.ulbsibiu.ro/articol/94/politica-de-confidentialitate
https://admitere.ulbsibiu.ro/media/Adresa%20MEC%20nr_291GP_08.05.2020.pdf,pdf,https://admitere.ulbsibiu.ro/articol/66/romanians-abroad
https://admitere.ulbsibiu.ro/media/GDPR_Nota%20de%20Informare%20+%20Declaratie%20de%20Consimtamant.pdf,pdf,https://admitere.ulbsibiu.ro/articol/66/romanians-abroad
https://admitere.ulbsibiu.ro/media/2023/Anexa 2 Cerere de inscriere 2023-2024.pdf,pdf,https://admitere.ulbsibiu.ro/articol/66/romanians-abroad
https://admitere.ulbsibiu.ro/media/Anexa%204%20Confirmare%20loc%20studii.pdf,pdf,https://admitere.ulbsibiu.ro/articol/66/romanians-abroad
https://international.ulbsibiu.ro/wp-content/uploads/Erasmus_Policy_Statement_ULBS_2020-2027.pdf,pdf,https://international.ulbsibiu.ro/erasmus/policy-statements-and-erasmus-charter/#site-content
https://international.ulbsibiu.ro/wp-content/uploads/Erasmus_charter_2021-2027.pdf,pdf,https://international.ulbsibiu.ro/erasmus/policy-statements-and-erasmus-charter/#site-content
https://senat.ulbsibiu.ro/wp-content/uploads/260123/7_Regulament%20mobilitati%20Erasmus_Senat_ianuarie2023.pdf,pdf,https://international.ulbsibiu.ro/erasmus/policy-statements-and-erasmus-charter/#site-content
https://international.ulbsibiu.ro/wp-content/uploads/erasmus-programme-guide-2025_en.pdf,pdf,https://international.ulbsibiu.ro/erasmus/policy-statements-and-erasmus-charter/#site-content
https://international.ulbsibiu.ro/wp-content/uploads/erasmus-programme-guide-2025_ro.pdf,pdf,https://international.ulbsibiu.ro/erasmus/policy-statements-and-erasmus-charter/#site-content
https://international.ulbsibiu.ro/wp-content/uploads/2024-ErasmusProgramme-Guide_EN_v1.pdf,pdf,https://international.ulbsibiu.ro/erasmus/policy-statements-and-erasmus-charter/#site-content
https://international.ulbsibiu.ro/wp-content/uploads/2024-ErasmusProgramme-Guide_RO_v1.pdf,pdf,https://international.ulbsibiu.ro/erasmus/policy-statements-and-erasmus-charter/#site-content
https://international.ulbsibiu.ro/wp-content/uploads/Fisa-propunere-Proiect-Erasmus.docx,docx,https://international.ulbsibiu.ro/erasmus/erasmus-projects/#site-content
https://international.ulbsibiu.ro/wp-content/uploads/Mobility-request-to-be-approved.docx,docx,https://international.ulbsibiu.ro/erasmus/blended-intensive-programme-or-short-term-mobilities/erasmus-outgoing-staff-teachers-bip-short-mobilities/#site-content
https://international.ulbsibiu.ro/wp-content/uploads/Anexa-20_Documente-la-revenirea-din-mobilitate-STA_STT.docx,docx,https://international.ulbsibiu.ro/erasmus/blended-intensive-programme-or-short-term-mobilities/erasmus-outgoing-staff-teachers-bip-short-mobilities/#site-content
https://international.ulbsibiu.ro/wp-content/uploads/Annex-2-Eligibility-and-enrolment-form.docx,docx,https://international.ulbsibiu.ro/erasmus/blended-intensive-programme-or-short-term-mobilities/erasmus-outgoing-students-bip-short-mobilities/#site-content
https://international.ulbsibiu.ro/wp-content/uploads/HE-Mobility-agreement-for-teaching-KA131-2023.docx,docx,https://international.ulbsibiu.ro/erasmus/erasmus-outgoing-teaching-staff-training/#site-content
https://international.ulbsibiu.ro/wp-content/uploads/HE-Mobility-agreement-for-training-KA131.docx,docx,https://international.ulbsibiu.ro/erasmus/erasmus-outgoing-teaching-staff-training/#site-content
https://international.ulbsibiu.ro/wp-content/uploads/Appendix-18_Documents-for-the-financial-contract-STA-STT.docx,docx,https://international.ulbsibiu.ro/erasmus/erasmus-outgoing-teaching-staff-training/#site-content
https://international.ulbsibiu.ro/wp-content/uploads/Appendix_19_Eligibility-form.docx,docx,https://international.ulbsibiu.ro/erasmus/erasmus-outgoing-teaching-staff-training/#site-content
https://international.ulbsibiu.ro/wp-content/uploads/Staff_Mobility_Agreement_training_KA1312022.docx,docx,https://international.ulbsibiu.ro/erasmus/erasmus-outgoing-teaching-staff-training/#site-content
https://international.ulbsibiu.ro/wp-content/uploads/Mobility-request.docx,docx,https://international.ulbsibiu.ro/erasmus/erasmus-outgoing-teaching-staff-training/#site-content
https://international.ulbsibiu.ro/wp-content/uploads/Appendix-20_Documents-at-the-end-of-mobility-STA_STT.docx,docx,https://international.ulbsibiu.ro/erasmus/erasmus-outgoing-teaching-staff-training/#site-content
https://international.ulbsibiu.ro/wp-content/uploads/Appendix-7_Statement-of-double-funding-avoidance-1-3.docx,docx,https://international.ulbsibiu.ro/erasmus/erasmus-outgoing-teaching-staff-training/#site-content
https://international.ulbsibiu.ro/wp-content/uploads/Appendix-15_-Application-form-for-ULBS-staff-1-1.docx,docx,https://international.ulbsibiu.ro/erasmus/erasmus-outgoing-teaching-staff-training/#site-content
https://international.ulbsibiu.ro/wp-content/uploads/II.7-Annex-HE-Mobility-agreement-for-teaching-2022-KA171.docx,docx,https://international.ulbsibiu.ro/erasmus/erasmus-outgoing-teaching-staff-training/#site-content
https://international.ulbsibiu.ro/wp-content/uploads/HE-Mobility-agreement-for-training-KA171-2023-1.docx,docx,https://international.ulbsibiu.ro/erasmus/erasmus-outgoing-teaching-staff-training/#site-content
https://international.ulbsibiu.ro/wp-content/uploads/Appendix-21_Documents-for-financial-contract.docx,docx,https://international.ulbsibiu.ro/erasmus/erasmus-outgoing-teaching-staff-training/#site-content
https://international.ulbsibiu.ro/wp-content/uploads/Appendix-19_-Eligibility-form.docx,docx,https://international.ulbsibiu.ro/erasmus/erasmus-outgoing-teaching-staff-training/#site-content
https://international.ulbsibiu.ro/wp-content/uploads/HE-Mobility-agreement-for-training-KA171-2023.docx,docx,https://international.ulbsibiu.ro/erasmus/erasmus-outgoing-teaching-staff-training/#site-content
https://international.ulbsibiu.ro/wp-content/uploads/HE-Mobility-agreement-for-teaching-KA171-2023.docx,docx,https://international.ulbsibiu.ro/erasmus/erasmus-outgoing-teaching-staff-training/#site-content
https://international.ulbsibiu.ro/wp-content/uploads/Appendix-22_Documents-at-the-end-of-mobility-for-teaching-or-training-in-countries-not-associated-to-the-programme-2.docx,docx,https://international.ulbsibiu.ro/erasmus/erasmus-outgoing-teaching-staff-training/#site-content
https://international.ulbsibiu.ro/wp-content/uploads/2_ANEXA-3-FISA-DE-EVALUARE-A-STUDENTULUI-1.pdf,pdf,https://international.ulbsibiu.ro/erasmus/erasmus-outgoing-students/#site-content
https://international.ulbsibiu.ro/wp-content/uploads/Annex-2-Elligibility-and-application-form-for-outgoing-students-.docx,docx,https://international.ulbsibiu.ro/erasmus/erasmus-outgoing-students/#site-content
https://international.ulbsibiu.ro/wp-content/uploads/Annex-4-Documents-required-for-signing-the-Financial-Contract-for-study-mobilities.docx,docx,https://international.ulbsibiu.ro/erasmus/erasmus-outgoing-students/#site-content
https://international.ulbsibiu.ro/wp-content/uploads/Annex-5-General-data-of-the-participant-at-Study-Mobility.docx,docx,https://international.ulbsibiu.ro/erasmus/erasmus-outgoing-students/#site-content
https://international.ulbsibiu.ro/wp-content/uploads/Mobility-request-to-be-approved-1.docx,docx,https://international.ulbsibiu.ro/erasmus/erasmus-outgoing-students/#site-content
https://international.ulbsibiu.ro/wp-content/uploads/Annex-7-Declaration-of-avoidance-of-double-funding.docx,docx,https://international.ulbsibiu.ro/erasmus/erasmus-outgoing-students/#site-content
https://international.ulbsibiu.ro/wp-content/uploads/Annex-6_Documents-required-for-reimbursement-at-the-end-of-mobility.docx,docx,https://international.ulbsibiu.ro/erasmus/erasmus-outgoing-students/#site-content
https://international.ulbsibiu.ro/wp-content/uploads/Annex-11-Eligibility-and-application-form-for-outgoing-placement-students-.docx,docx,https://international.ulbsibiu.ro/erasmus/erasmus-outgoing-students/#site-content
https://international.ulbsibiu.ro/wp-content/uploads/Letter_of_acceptance_SMP_1.doc,doc,https://international.ulbsibiu.ro/erasmus/erasmus-outgoing-students/#site-content
https://international.ulbsibiu.ro/wp-content/uploads/Learning_agreement_traineeships_form.docx,docx,https://international.ulbsibiu.ro/erasmus/erasmus-outgoing-students/#site-content
https://international.ulbsibiu.ro/wp-content/uploads/Guidelines_Learning_agreement_traineeship.docx,docx,https://international.ulbsibiu.ro/erasmus/erasmus-outgoing-students/#site-content
https://international.ulbsibiu.ro/wp-content/uploads/Annex_13_Documents-required-for-signing-the-Financial-Contract-for-placement-mobilities.docx,docx,https://international.ulbsibiu.ro/erasmus/erasmus-outgoing-students/#site-content
https://international.ulbsibiu.ro/wp-content/uploads/Annex-5-General-data-of-the-participant_Placement-Mobility.docx,docx,https://international.ulbsibiu.ro/erasmus/erasmus-outgoing-students/#site-content
https://international.ulbsibiu.ro/wp-content/uploads/Annex-14_Documents-required-for-reimbursement-at-the-end-of-mobility.docx,docx,https://international.ulbsibiu.ro/erasmus/erasmus-outgoing-students/#site-content
https://international.ulbsibiu.ro/wp-content/uploads/Transcript_of_work_form.doc,doc,https://international.ulbsibiu.ro/erasmus/erasmus-outgoing-students/#site-content
https://international.ulbsibiu.ro/wp-content/uploads/Annex-7-Declaration-of-avoidance-of-double-funding-1.docx,docx,https://international.ulbsibiu.ro/erasmus/erasmus-outgoing-students/#site-content
https://international.ulbsibiu.ro/wp-content/uploads/Appendix-8_-Application-form-for-ULBS-students-in-third-countries-not-associated-to-the-Programme-1.docx,docx,https://international.ulbsibiu.ro/erasmus/erasmus-outgoing-students/#site-content
https://international.ulbsibiu.ro/wp-content/uploads/Appendix-10_Documents-at-the-end-of-mobility-for-studies-for-ULBS-students-in-countries-not-associated-to-the-programme.docx,docx,https://international.ulbsibiu.ro/erasmus/erasmus-outgoing-students/#site-content
https://international.ulbsibiu.ro/wp-content/uploads/HE-Learning-agreement-traineeship-KA171-2023.docx,docx,https://international.ulbsibiu.ro/erasmus/erasmus-outgoing-students/#site-content
https://international.ulbsibiu.ro/wp-content/uploads/Appendix-33_Application-form_STA_STT-incoming.docx,docx,https://international.ulbsibiu.ro/erasmus/erasmus-incoming-teaching-staff-training/#site-content
https://international.ulbsibiu.ro/wp-content/uploads/Appendix-34_Application-form-for-staff-coming-from-countries-not-associated-to-the-Programme.docx,docx,https://international.ulbsibiu.ro/erasmus/erasmus-incoming-teaching-staff-training/#site-content
https://international.ulbsibiu.ro/wp-content/uploads/Appendix-36_Documents-at-the-end-of-mobility-for-staff-coming-from-countries-not-associated-to-the-programme.docx,docx,https://international.ulbsibiu.ro/erasmus/erasmus-incoming-teaching-staff-training/#site-content
https://international.ulbsibiu.ro/wp-content/uploads/Update-Incoming-Students-Guide.pdf,pdf,https://international.ulbsibiu.ro/erasmus/erasmus-incoming-students/#site-content
https://international.ulbsibiu.ro/wp-content/uploads/Appendix-23_Application-form-for-mobility-for-STUDIES-for-students-EU.docx,docx,https://international.ulbsibiu.ro/erasmus/erasmus-incoming-students/#site-content
https://international.ulbsibiu.ro/wp-content/uploads/Learning_agreement_STUDIES_EU-students.docx,docx,https://international.ulbsibiu.ro/erasmus/erasmus-incoming-students/#site-content
https://international.ulbsibiu.ro/wp-content/uploads/docs/Appendix_24_Documents_at_the_end_of_mobility_for_students_coming_from_EU_countries.docx,docx,https://international.ulbsibiu.ro/erasmus/erasmus-incoming-students/#site-content
https://international.ulbsibiu.ro/wp-content/uploads/Appendix_28_Application_form_for_mobility_for_Traineeships_for_students_coming_from_EU.docx,docx,https://international.ulbsibiu.ro/erasmus/erasmus-incoming-students/#site-content
https://international.ulbsibiu.ro/wp-content/uploads/Learning_agreement_TRAINEESHIPS_EU-students.docx,docx,https://international.ulbsibiu.ro/erasmus/erasmus-incoming-students/#site-content
https://international.ulbsibiu.ro/wp-content/uploads/docs/Appendix_29_Documents_at_the_end_of_the_mobility_for_traineeships_for_students_coming_from_EU_countries.docx,docx,https://international.ulbsibiu.ro/erasmus/erasmus-incoming-students/#site-content
https://international.ulbsibiu.ro/wp-content/uploads/Appendix-25_-Application-form-for-mobilities-fro-studies-for-studemts-that-come-from-countries-not-associated-to-the-Programme.docx,docx,https://international.ulbsibiu.ro/erasmus/erasmus-incoming-students/#site-content
https://international.ulbsibiu.ro/wp-content/uploads/HE-Learning-agreement-studies-KA171-2023.docx,docx,https://international.ulbsibiu.ro/erasmus/erasmus-incoming-students/#site-content
https://international.ulbsibiu.ro/wp-content/uploads/Appendix-27_Documents-required-at-the-end-of-mobility-for-studies-for-students-coming-from-countries-not-associated-to-the-programme.docx,docx,https://international.ulbsibiu.ro/erasmus/erasmus-incoming-students/#site-content
https://international.ulbsibiu.ro/wp-content/uploads/Appendix-30_-Application-form-for-mobilities-for-traineeships-for-students-coming-from-countries-not-associated-to-the-Programme.docx,docx,https://international.ulbsibiu.ro/erasmus/erasmus-incoming-students/#site-content
https://international.ulbsibiu.ro/wp-content/uploads/Appendix-32_Documents-at-the-end-of-the-mobility-for-traineeships-for-students-coming-from-countries-not-associated-to-the-Programme.docx,docx,https://international.ulbsibiu.ro/erasmus/erasmus-incoming-students/#site-content
https://international.ulbsibiu.ro/wp-content/uploads/Internationalization-Strategy_2025-2034-EN.pdf,pdf,https://international.ulbsibiu.ro/home/mission-organization-and-strategy/#site-content
https://international.ulbsibiu.ro/wp-content/uploads/Strategie-Internationalizare-2025-2034_ROM.pdf,pdf,https://international.ulbsibiu.ro/home/mission-organization-and-strategy/#site-content
https://international.ulbsibiu.ro/wp-content/uploads/FORTHEM-Strategy_RO.pdf,pdf,https://international.ulbsibiu.ro/home/mission-organization-and-strategy/#site-content
https://international.ulbsibiu.ro/wp-content/uploads/FORTHEM_Strategy_infographic.png,png,https://international.ulbsibiu.ro/home/mission-organization-and-strategy/#site-content
https://noapteacercetatorilor.ulbsibiu.ro/wp-content/uploads/Program_Activitati-Noaptea-Cercetatorilor-2023_19-septembrie_.pdf,pdf,https://noapteacercetatorilor.ulbsibiu.ro/ro/program/arhiva-programe/#site-content
https://noapteacercetatorilor.ulbsibiu.ro/wp-content/uploads/Program_Activitati-Noaptea-Cercetatorilor-2022_august-5-si-editura_.pdf,pdf,https://noapteacercetatorilor.ulbsibiu.ro/ro/program/arhiva-programe/#site-content
https://noapteacercetatorilor.ulbsibiu.ro/wp-content/uploads/Program_Activitati-Noaptea-Cercetatorilor-2021.pdf,pdf,https://noapteacercetatorilor.ulbsibiu.ro/ro/program/arhiva-programe/#site-content
https://noapteacercetatorilor.ulbsibiu.ro/wp-content/uploads/Program_Activitati-Noaptea-Cercetatorilor-2020.pdf,pdf,https://noapteacercetatorilor.ulbsibiu.ro/ro/program/arhiva-programe/#site-content
https://noapteacercetatorilor.ulbsibiu.ro/wp-content/uploads/Program_Activitati-Noaptea-Cercetatorilor-2019.pdf,pdf,https://noapteacercetatorilor.ulbsibiu.ro/ro/program/arhiva-programe/#site-content
https://noapteacercetatorilor.ulbsibiu.ro/wp-content/uploads/Program_Activitati-Noaptea-Cercetatorilor-2018.pdf,pdf,https://noapteacercetatorilor.ulbsibiu.ro/ro/program/arhiva-programe/#site-content
https://noapteacercetatorilor.ulbsibiu.ro/wp-content/uploads/Program_Activitati-Noaptea-Cercetatorilor-2017.pdf,pdf,https://noapteacercetatorilor.ulbsibiu.ro/ro/program/arhiva-programe/#site-content
https://noapteacercetatorilor.ulbsibiu.ro/wp-content/uploads/Program_Activitati-Noaptea-Cercetatorilor-2016.pdf,pdf,https://noapteacercetatorilor.ulbsibiu.ro/ro/program/arhiva-programe/#site-content
https://noapteacercetatorilor.ulbsibiu.ro/wp-content/uploads/Program_Activitati-Noaptea-Cercetatorilor-2015.pdf,pdf,https://noapteacercetatorilor.ulbsibiu.ro/ro/program/arhiva-programe/#site-content
https://cercetare.ulbsibiu.ro/wp-content/uploads/LISTA-MANIFESTARI-STIINTIFICE-2023.pdf,pdf,https://cercetare.ulbsibiu.ro/ro/2023-2/#site-content
https://cercetare.ulbsibiu.ro/wp-content/uploads/LISTA-MANIFESTARI-STIINTIFICE-2024-3.pdf,pdf,https://cercetare.ulbsibiu.ro/ro/evenimente/#site-content
https://cercetare.ulbsibiu.ro/wp-content/uploads/LISTA-MANIFESTARI-STIINTIFICE-2025.pdf,pdf,https://cercetare.ulbsibiu.ro/ro/2025-2/#site-content
https://cercetare.ulbsibiu.ro/wp-content/uploads/Process-Description-_-EURAXESS-1.pdf,pdf,https://cercetare.ulbsibiu.ro/ro/hrs4r/#site-content
https://cercetare.ulbsibiu.ro/wp-content/uploads/OTM-R-Checklist-_-EURAXESS.pdf,pdf,https://cercetare.ulbsibiu.ro/ro/hrs4r/#site-content
https://cercetare.ulbsibiu.ro/wp-content/uploads/Action-Plan-_-EURAXESS.pdf,pdf,https://cercetare.ulbsibiu.ro/ro/hrs4r/#site-content
https://cercetare.ulbsibiu.ro/wp-content/uploads/GAP-Analysis-Charter-and-Code-Checklist-_-EURAXESS.pdf,pdf,https://cercetare.ulbsibiu.ro/ro/hrs4r/#site-content
https://cercetare.ulbsibiu.ro/wp-content/uploads/Instructiune-de-lucru-privind-planul-de-management-al-datelor-de-cercetare-1.pdf,pdf,https://cercetare.ulbsibiu.ro/ro/proceduri-si-regulamente-2/#site-content
https://cercetare.ulbsibiu.ro/wp-content/uploads/Codul-de-Etica-si-Deontologie-Profesionala-al-Personalului-din-Cercetare-Dezvoltare-Inovare-Anexa-la-OMEC-nr.-6886-din-10.12.2025.pdf,pdf,https://cercetare.ulbsibiu.ro/ro/proceduri-si-regulamente-2/#site-content
https://cercetare.ulbsibiu.ro/wp-content/uploads/Procedura-operationala-privind-recompensarea-rezultatelor-cercetarii-incepand-cu-01-iunie-2023-7.pdf,pdf,https://cercetare.ulbsibiu.ro/ro/proceduri-si-regulamente-2/#site-content
https://cercetare.ulbsibiu.ro/wp-content/uploads/Procedura-operationala-privind-recompensarea-rezultatelor-cercetarii-incepand-cu-01-iunie-2023-6.pdf,pdf,https://cercetare.ulbsibiu.ro/ro/proceduri-si-regulamente-2/#site-content
https://cercetare.ulbsibiu.ro/wp-content/uploads/Anexa-1.doc,doc,https://cercetare.ulbsibiu.ro/ro/proceduri-si-regulamente-2/#site-content
https://cercetare.ulbsibiu.ro/wp-content/uploads/Procedura-operationala-privind-recompensarea-rezultatelor-cercetarii-incepand-cu-1-ianuarie-2021.pdf,pdf,https://cercetare.ulbsibiu.ro/ro/proceduri-si-regulamente-2/#site-content
https://cercetare.ulbsibiu.ro/wp-content/uploads/DECLARATIE-PUBLICARE-ARTICOLE_-2021.doc,doc,https://cercetare.ulbsibiu.ro/ro/proceduri-si-regulamente-2/#site-content
https://cercetare.ulbsibiu.ro/wp-content/uploads/Metodologie-privind-organizarea-si-desfasurarea-competitiei-interne-pentru-granturi-de-cercetare-stiintifica-2015.pdf,pdf,https://cercetare.ulbsibiu.ro/ro/proceduri-si-regulamente/competitia-interna-pentru-granturi-individuale-de-cercetare-stiintifica-creatie-artistica-si-performanta-sportiva/competitie-interna-pentru-granturi-individuale-de-cercetare-stiintifica-2015/#site-content
https://cercetare.ulbsibiu.ro/wp-content/uploads/Metodologie-privind-organizarea-si-desfasurarea-competitiei-interne-pentru-granturi-de-cercetare-stiintifica-2016.pdf,pdf,https://cercetare.ulbsibiu.ro/ro/proceduri-si-regulamente/competitia-interna-pentru-granturi-individuale-de-cercetare-stiintifica-creatie-artistica-si-performanta-sportiva/competitie-interna-pentru-granturi-individuale-de-cercetare-stiintifica-2016/#site-content
https://cercetare.ulbsibiu.ro/wp-content/uploads/Lista-revistelor-ordonate-descrescator-in-functie-de-scorul-de-influenta-AIS-pentru-anul-2015-1.pdf,pdf,https://cercetare.ulbsibiu.ro/ro/proceduri-si-regulamente/competitia-interna-pentru-granturi-individuale-de-cercetare-stiintifica-creatie-artistica-si-performanta-sportiva/competitie-interna-pentru-granturi-individuale-de-cercetare-stiintifica-2016/#site-content
https://cercetare.ulbsibiu.ro/wp-content/uploads/Lista-revistelor-ordonate-descrescator-in-functie-de-factorul-de-impact-IF-pentru-anul-2015.pdf,pdf,https://cercetare.ulbsibiu.ro/ro/proceduri-si-regulamente/competitia-interna-pentru-granturi-individuale-de-cercetare-stiintifica-creatie-artistica-si-performanta-sportiva/competitie-interna-pentru-granturi-individuale-de-cercetare-stiintifica-2016/#site-content
https://cercetare.ulbsibiu.ro/wp-content/uploads/Metodologia-de-desfasurare-a-competitiei-interne-pentru-granturi-de-cercetare-stiintifica-in-anul-2017.pdf,pdf,https://cercetare.ulbsibiu.ro/ro/proceduri-si-regulamente/competitia-interna-pentru-granturi-individuale-de-cercetare-stiintifica-creatie-artistica-si-performanta-sportiva/competitie-interna-pentru-granturi-individuale-de-cercetare-stiintifica-2017/#site-content
https://cercetare.ulbsibiu.ro/wp-content/uploads/Lista-revistelor-indexate-in-Arts-Humanities-Citation-Index-care-au-articole-publicate-in-anul-2011-sau-anterior.pdf,pdf,https://cercetare.ulbsibiu.ro/ro/proceduri-si-regulamente/competitia-interna-pentru-granturi-individuale-de-cercetare-stiintifica-creatie-artistica-si-performanta-sportiva/competitie-interna-pentru-granturi-individuale-de-cercetare-stiintifica-2017/#site-content
https://cercetare.ulbsibiu.ro/wp-content/uploads/Lista-revistelor-incadrate-pe-subdomenii-ordonate-descrescator-in-functie-de-scorul-de-influenta-al-acestora-AIS-Indexate-in-SCIE-sau-SSCI.pdf,pdf,https://cercetare.ulbsibiu.ro/ro/proceduri-si-regulamente/competitia-interna-pentru-granturi-individuale-de-cercetare-stiintifica-creatie-artistica-si-performanta-sportiva/competitie-interna-pentru-granturi-individuale-de-cercetare-stiintifica-2017/#site-content
https://hostcercetare.ulbsibiu.ro/doc_DCS/proceduri/competitie2018/Anexa5_1.xls,xls,https://cercetare.ulbsibiu.ro/ro/proceduri-si-regulamente/competitia-interna-pentru-granturi-individuale-de-cercetare-stiintifica-creatie-artistica-si-performanta-sportiva/competitie-interna-pentru-granturi-individuale-de-cercetare-stiintifica-2018/#site-content
https://cercetare.ulbsibiu.ro/wp-content/uploads/Lista-proiectelor-aprobate-CI-2019.pdf,pdf,https://cercetare.ulbsibiu.ro/ro/proceduri-si-regulamente/competitia-interna-pentru-granturi-individuale-de-cercetare-stiintifica-creatie-artistica-si-performanta-sportiva/competitie-interna-pentru-granturi-individuale-de-cercetare-stiintifica-2019/#site-content
https://cercetare.ulbsibiu.ro/wp-content/uploads/Hotararea-Consiliului-de-Administratie-al-ULBS-din-4.07.2019-.pdf,pdf,https://cercetare.ulbsibiu.ro/ro/proceduri-si-regulamente/competitia-interna-pentru-granturi-individuale-de-cercetare-stiintifica-creatie-artistica-si-performanta-sportiva/competitie-interna-pentru-granturi-individuale-de-cercetare-stiintifica-2019/#site-content
https://hostcercetare.ulbsibiu.ro/doc_DCS/proceduri/competitie2019/Metodologie_2019.doc,doc,https://cercetare.ulbsibiu.ro/ro/proceduri-si-regulamente/competitia-interna-pentru-granturi-individuale-de-cercetare-stiintifica-creatie-artistica-si-performanta-sportiva/competitie-interna-pentru-granturi-individuale-de-cercetare-stiintifica-2019/#site-content
https://cercetare.ulbsibiu.ro/wp-content/uploads/Lista-revistelor-care-au-articole-publicate-in-anul-2013-sau-anterior-si-care-sunt-indexate-in-Arts-Humanities-Citation-Index.pdf,pdf,https://cercetare.ulbsibiu.ro/ro/proceduri-si-regulamente/competitia-interna-pentru-granturi-individuale-de-cercetare-stiintifica-creatie-artistica-si-performanta-sportiva/competitie-interna-pentru-granturi-individuale-de-cercetare-stiintifica-2019/#site-content
https://cercetare.ulbsibiu.ro/wp-content/uploads/Lista-revistelor-cotate-ISI-pe-subdomenii-in-functie-de-valoarea-IF-impact-factor-conform-editiei-JCR-2017-iunie-2018-pe-zonele-rosii-si-galbene.pdf,pdf,https://cercetare.ulbsibiu.ro/ro/proceduri-si-regulamente/competitia-interna-pentru-granturi-individuale-de-cercetare-stiintifica-creatie-artistica-si-performanta-sportiva/competitie-interna-pentru-granturi-individuale-de-cercetare-stiintifica-2019/#site-content
https://cercetare.ulbsibiu.ro/wp-content/uploads/Lista-revistelor-cotate-ISI-pe-subdomenii-in-functie-de-valoarea-AIS-article-influence-score-conform-editiei-JCR-2017-iunie-2018-pe-zonele-rosii-si-galbene.pdf,pdf,https://cercetare.ulbsibiu.ro/ro/proceduri-si-regulamente/competitia-interna-pentru-granturi-individuale-de-cercetare-stiintifica-creatie-artistica-si-performanta-sportiva/competitie-interna-pentru-granturi-individuale-de-cercetare-stiintifica-2019/#site-content
https://cercetare.ulbsibiu.ro/wp-content/uploads/Lista-de-manifestari-festivaluri-si-concursuri-artistice-organizate-la-nivel-national-international-si-international-de-varf-Anexa-6-OM-3128-2019.pdf,pdf,https://cercetare.ulbsibiu.ro/ro/proceduri-si-regulamente/competitia-interna-pentru-granturi-individuale-de-cercetare-stiintifica-creatie-artistica-si-performanta-sportiva/competitie-interna-pentru-granturi-individuale-de-cercetare-stiintifica-2019/#site-content
https://cercetare.ulbsibiu.ro/wp-content/uploads/Rezultate-competitie-granturi-2020.pdf,pdf,https://cercetare.ulbsibiu.ro/ro/proceduri-si-regulamente/competitia-interna-pentru-granturi-individuale-de-cercetare-stiintifica-creatie-artistica-si-performanta-sportiva/competitie-interna-pentru-granturi-individuale-de-cercetare-stiintifica-2020/#site-content
https://cercetare.ulbsibiu.ro/wp-content/uploads/Procedura-operationala-privind-reglementarea-competitiei-interne-pentru-granturi-individuale.pdf,pdf,https://cercetare.ulbsibiu.ro/ro/proceduri-si-regulamente/competitia-interna-pentru-granturi-individuale-de-cercetare-stiintifica-creatie-artistica-si-performanta-sportiva/competitie-interna-pentru-granturi-individuale-de-cercetare-stiintifica-2020/#site-content
https://hostcercetare.ulbsibiu.ro/docs/diverse/Metodologie%20finantare%20granturi%20interne%20HP%202020.doc,doc,https://cercetare.ulbsibiu.ro/ro/proceduri-si-regulamente/competitia-interna-pentru-granturi-individuale-de-cercetare-stiintifica-creatie-artistica-si-performanta-sportiva/competitie-interna-pentru-granturi-individuale-de-cercetare-stiintifica-2020/#site-content
https://cercetare.ulbsibiu.ro/wp-content/uploads/Metodologie-granturi-interne-2021.docx,docx,https://cercetare.ulbsibiu.ro/ro/proceduri-si-regulamente/competitia-interna-pentru-granturi-individuale-de-cercetare-stiintifica-creatie-artistica-si-performanta-sportiva/competitie-interna-pentru-granturi-individuale-de-cercetare-stiintifica-2021/#site-content
https://cercetare.ulbsibiu.ro/wp-content/uploads/Metodologia_privind_desfasurarea_competitiei_granturi_interne_2022.pdf,pdf,https://cercetare.ulbsibiu.ro/ro/proceduri-si-regulamente/competitia-interna-pentru-granturi-individuale-de-cercetare-stiintifica-creatie-artistica-si-performanta-sportiva/competitie-interna-pentru-granturi-individuale-de-cercetare-stiintifica-2022/#site-content
https://cercetare.ulbsibiu.ro/wp-content/uploads/Competitia-interna-pentru-granturi-individuale-de-cercetare-stiintifica-creatie-artistica-si-performanta-sportiva.pdf,pdf,https://cercetare.ulbsibiu.ro/ro/proceduri-si-regulamente/competitia-interna-pentru-granturi-individuale-de-cercetare-stiintifica-creatie-artistica-si-performanta-sportiva/competitie-interna-pentru-granturi-individuale-de-cercetare-stiintifica-2023/#site-content
https://cercetare.ulbsibiu.ro/wp-content/uploads/Rezultate-preliminare-competitia-grant-intern-2023_10-iulie-2023.pdf,pdf,https://cercetare.ulbsibiu.ro/ro/proceduri-si-regulamente/competitia-interna-pentru-granturi-individuale-de-cercetare-stiintifica-creatie-artistica-si-performanta-sportiva/competitie-interna-pentru-granturi-individuale-de-cercetare-stiintifica-2023/#site-content
https://cercetare.ulbsibiu.ro/wp-content/uploads/Rezultatele-finale-ale-Competitiei-interne-pentru-granturi-individuale-de-cercetare-stiintifica-creatie-artistica-si-performanta-sportiva-2023-1.pdf,pdf,https://cercetare.ulbsibiu.ro/ro/proceduri-si-regulamente/competitia-interna-pentru-granturi-individuale-de-cercetare-stiintifica-creatie-artistica-si-performanta-sportiva/competitie-interna-pentru-granturi-individuale-de-cercetare-stiintifica-2023/#site-content
https://cercetare.ulbsibiu.ro/wp-content/uploads/Hotararea-nr.-1-din-15.01.2025.pdf,pdf,https://cercetare.ulbsibiu.ro/ro/2024-3/#site-content
https://cercetare.ulbsibiu.ro/wp-content/uploads/Anexa-7_Lista-proiecte-rezerva-Competitia-interna-granturi-de-cercetare-1.pdf,pdf,https://cercetare.ulbsibiu.ro/ro/2024-3/#site-content
https://cercetare.ulbsibiu.ro/wp-content/uploads/HCA-nr.-35_30.10.2024.pdf,pdf,https://cercetare.ulbsibiu.ro/ro/2024-3/#site-content
https://cercetare.ulbsibiu.ro/wp-content/uploads/Metodologie-finantare-competitie-interna-granturi-individuale.pdf,pdf,https://cercetare.ulbsibiu.ro/ro/2024-3/#site-content
https://cercetare.ulbsibiu.ro/wp-content/uploads/Rezultate-preliminare-Competitia-grant-intern-2024_27-noiembrie-2024.pdf,pdf,https://cercetare.ulbsibiu.ro/ro/2024-3/#site-content
https://cercetare.ulbsibiu.ro/wp-content/uploads/HCA-nr.-39-din-06.12.2024.pdf,pdf,https://cercetare.ulbsibiu.ro/ro/2024-3/#site-content
https://cercetare.ulbsibiu.ro/wp-content/uploads/Anexa-11_-Rezultate-Competitie-interna-granturi-de-cercetare-sesiunea-2024.pdf,pdf,https://cercetare.ulbsibiu.ro/ro/2024-3/#site-content
https://cercetare.ulbsibiu.ro/wp-content/uploads/Procedura-operationala-privind-recompensarea-rezultatelor-cercetarii-valabila-pentru-articolele-publicate-pana-in-data-de-31.12.2020.pdf,pdf,https://cercetare.ulbsibiu.ro/ro/infrastructura-de-cercetare/publicatii-stiintifice/proceduri-si-regulamente-publicatii-stiintifice/#site-content
https://hostcercetare.ulbsibiu.ro/docs/noutati/Anexa_RRC.doc,doc,https://cercetare.ulbsibiu.ro/ro/infrastructura-de-cercetare/publicatii-stiintifice/proceduri-si-regulamente-publicatii-stiintifice/#site-content
https://cercetare.ulbsibiu.ro/wp-content/uploads/Procedura-privind-recompensarea-tinerilor-cu-rezultate-deosebite-in-activitatea-de-cercetare-stiintifica-si-creatie-artistica-premiul-Ad-Augusta-per-angusta.pdf,pdf,https://cercetare.ulbsibiu.ro/ro/infrastructura-de-cercetare/publicatii-stiintifice/proceduri-si-regulamente-publicatii-stiintifice/#site-content
https://cercetare.ulbsibiu.ro/wp-content/uploads/TEOLOGIE_Anexa-2_FTEO2_2021.xls,xls,https://cercetare.ulbsibiu.ro/ro/platforma-siepas/raportarea-activitatii-de-cercetare-in-facultati/#site-content
https://cercetare.ulbsibiu.ro/wp-content/uploads/Anexa-2_Teologie_2020-1.xlsx,xlsx,https://cercetare.ulbsibiu.ro/ro/platforma-siepas/raportarea-activitatii-de-cercetare-in-facultati/#site-content
https://hostcercetare.ulbsibiu.ro/docs/siepas/Facultatea%20de%20Teologie.xls,xls,https://cercetare.ulbsibiu.ro/ro/platforma-siepas/raportarea-activitatii-de-cercetare-in-facultati/#site-content
https://hostcercetare.ulbsibiu.ro/doc_DCS/SIEPAS/punctaje_individuale/Teologie/2018.xls,xls,https://cercetare.ulbsibiu.ro/ro/platforma-siepas/raportarea-activitatii-de-cercetare-in-facultati/#site-content
https://hostcercetare.ulbsibiu.ro/doc_DCS/SIEPAS/punctaje_individuale/Teologie/2017.xls,xls,https://cercetare.ulbsibiu.ro/ro/platforma-siepas/raportarea-activitatii-de-cercetare-in-facultati/#site-content
https://hostcercetare.ulbsibiu.ro/doc_DCS/SIEPAS/punctaje_individuale/Teologie/2016.xls,xls,https://cercetare.ulbsibiu.ro/ro/platforma-siepas/raportarea-activitatii-de-cercetare-in-facultati/#site-content
https://hostcercetare.ulbsibiu.ro/doc_DCS/SIEPAS/punctaje_individuale/Teologie/2015.pdf,pdf,https://cercetare.ulbsibiu.ro/ro/platforma-siepas/raportarea-activitatii-de-cercetare-in-facultati/#site-content
https://hostcercetare.ulbsibiu.ro/doc_DCS/SIEPAS/punctaje_individuale/Teologie/2014.pdf,pdf,https://cercetare.ulbsibiu.ro/ro/platforma-siepas/raportarea-activitatii-de-cercetare-in-facultati/#site-content
https://hostcercetare.ulbsibiu.ro/doc_DCS/SIEPAS/punctaje_individuale/Teologie/2013.pdf,pdf,https://cercetare.ulbsibiu.ro/ro/platforma-siepas/raportarea-activitatii-de-cercetare-in-facultati/#site-content
https://hostcercetare.ulbsibiu.ro/doc_DCS/SIEPAS/punctaje_individuale/Teologie/2011_2012.pdf,pdf,https://cercetare.ulbsibiu.ro/ro/platforma-siepas/raportarea-activitatii-de-cercetare-in-facultati/#site-content
https://cercetare.ulbsibiu.ro/wp-content/uploads/DREPT_Anexa-2_Facultate_Fisier-centralizator_2021.xls,xls,https://cercetare.ulbsibiu.ro/ro/platforma-siepas/raportarea-activitatii-de-cercetare-in-facultati/#site-content
https://cercetare.ulbsibiu.ro/wp-content/uploads/Anexa-2_Teologie_2020.xlsx,xlsx,https://cercetare.ulbsibiu.ro/ro/platforma-siepas/raportarea-activitatii-de-cercetare-in-facultati/#site-content
https://cercetare.ulbsibiu.ro/wp-content/uploads/Anexa-2_DREPT_Fisier-centralizator_2020-1.xlsx,xlsx,https://cercetare.ulbsibiu.ro/ro/platforma-siepas/raportarea-activitatii-de-cercetare-in-facultati/#site-content
https://hostcercetare.ulbsibiu.ro/docs/siepas/Facultatea%20de%20Drept.xls,xls,https://cercetare.ulbsibiu.ro/ro/platforma-siepas/raportarea-activitatii-de-cercetare-in-facultati/#site-content
https://hostcercetare.ulbsibiu.ro/doc_DCS/SIEPAS/punctaje_individuale/Drept/2018.xlsx,xlsx,https://cercetare.ulbsibiu.ro/ro/platforma-siepas/raportarea-activitatii-de-cercetare-in-facultati/#site-content
https://hostcercetare.ulbsibiu.ro/doc_DCS/SIEPAS/punctaje_individuale/Drept/2017.xls,xls,https://cercetare.ulbsibiu.ro/ro/platforma-siepas/raportarea-activitatii-de-cercetare-in-facultati/#site-content
https://hostcercetare.ulbsibiu.ro/doc_DCS/SIEPAS/punctaje_individuale/Drept/2016.xls,xls,https://cercetare.ulbsibiu.ro/ro/platforma-siepas/raportarea-activitatii-de-cercetare-in-facultati/#site-content
https://hostcercetare.ulbsibiu.ro/doc_DCS/SIEPAS/punctaje_individuale/Drept/2015.pdf,pdf,https://cercetare.ulbsibiu.ro/ro/platforma-siepas/raportarea-activitatii-de-cercetare-in-facultati/#site-content
https://hostcercetare.ulbsibiu.ro/doc_DCS/SIEPAS/punctaje_individuale/Drept/2014.pdf,pdf,https://cercetare.ulbsibiu.ro/ro/platforma-siepas/raportarea-activitatii-de-cercetare-in-facultati/#site-content
https://hostcercetare.ulbsibiu.ro/doc_DCS/SIEPAS/punctaje_individuale/Drept/2013.pdf,pdf,https://cercetare.ulbsibiu.ro/ro/platforma-siepas/raportarea-activitatii-de-cercetare-in-facultati/#site-content
https://hostcercetare.ulbsibiu.ro/doc_DCS/SIEPAS/punctaje_individuale/Drept/2011_2012.pdf,pdf,https://cercetare.ulbsibiu.ro/ro/platforma-siepas/raportarea-activitatii-de-cercetare-in-facultati/#site-content
https://cercetare.ulbsibiu.ro/wp-content/uploads/INGINERIE_Anexa_2_Fisier_centralizator_FING_2021.xls,xls,https://cercetare.ulbsibiu.ro/ro/platforma-siepas/raportarea-activitatii-de-cercetare-in-facultati/#site-content
https://cercetare.ulbsibiu.ro/wp-content/uploads/Anexa-2_Fisier-centralizator_FACULTATEA_DE_INGINERIE_2020_corectat-comisie.xlsx,xlsx,https://cercetare.ulbsibiu.ro/ro/platforma-siepas/raportarea-activitatii-de-cercetare-in-facultati/#site-content
https://hostcercetare.ulbsibiu.ro/docs/siepas/Facultatea%20de%20Inginerie.xls,xls,https://cercetare.ulbsibiu.ro/ro/platforma-siepas/raportarea-activitatii-de-cercetare-in-facultati/#site-content
https://hostcercetare.ulbsibiu.ro/doc_DCS/SIEPAS/punctaje_individuale/Inginerie/2018.xls,xls,https://cercetare.ulbsibiu.ro/ro/platforma-siepas/raportarea-activitatii-de-cercetare-in-facultati/#site-content
https://hostcercetare.ulbsibiu.ro/doc_DCS/SIEPAS/punctaje_individuale/Inginerie/2017.xlsx,xlsx,https://cercetare.ulbsibiu.ro/ro/platforma-siepas/raportarea-activitatii-de-cercetare-in-facultati/#site-content
https://hostcercetare.ulbsibiu.ro/doc_DCS/SIEPAS/punctaje_individuale/Inginerie/2016.xlsx,xlsx,https://cercetare.ulbsibiu.ro/ro/platforma-siepas/raportarea-activitatii-de-cercetare-in-facultati/#site-content
https://hostcercetare.ulbsibiu.ro/doc_DCS/SIEPAS/punctaje_individuale/Inginerie/2015.pdf,pdf,https://cercetare.ulbsibiu.ro/ro/platforma-siepas/raportarea-activitatii-de-cercetare-in-facultati/#site-content
https://hostcercetare.ulbsibiu.ro/doc_DCS/SIEPAS/punctaje_individuale/Inginerie/2014.pdf,pdf,https://cercetare.ulbsibiu.ro/ro/platforma-siepas/raportarea-activitatii-de-cercetare-in-facultati/#site-content
https://hostcercetare.ulbsibiu.ro/doc_DCS/SIEPAS/punctaje_individuale/Inginerie/2013.pdf,pdf,https://cercetare.ulbsibiu.ro/ro/platforma-siepas/raportarea-activitatii-de-cercetare-in-facultati/#site-content
https://hostcercetare.ulbsibiu.ro/doc_DCS/SIEPAS/punctaje_individuale/Inginerie/2011_2012.pdf,pdf,https://cercetare.ulbsibiu.ro/ro/platforma-siepas/raportarea-activitatii-de-cercetare-in-facultati/#site-content
https://cercetare.ulbsibiu.ro/wp-content/uploads/LITERE_Anexa-2_FLA_2021.xls,xls,https://cercetare.ulbsibiu.ro/ro/platforma-siepas/raportarea-activitatii-de-cercetare-in-facultati/#site-content
https://cercetare.ulbsibiu.ro/wp-content/uploads/Anexa-2_Fisier-centralizator_2020_FLA_FINAL-27-07-2021.xls,xls,https://cercetare.ulbsibiu.ro/ro/platforma-siepas/raportarea-activitatii-de-cercetare-in-facultati/#site-content
https://hostcercetare.ulbsibiu.ro/docs/siepas/Facultatea%20de%20Litere%20si%20Arte.xls,xls,https://cercetare.ulbsibiu.ro/ro/platforma-siepas/raportarea-activitatii-de-cercetare-in-facultati/#site-content
https://hostcercetare.ulbsibiu.ro/doc_DCS/SIEPAS/punctaje_individuale/Litere/2018.xlsx,xlsx,https://cercetare.ulbsibiu.ro/ro/platforma-siepas/raportarea-activitatii-de-cercetare-in-facultati/#site-content
https://hostcercetare.ulbsibiu.ro/doc_DCS/SIEPAS/punctaje_individuale/Litere/2017.xls,xls,https://cercetare.ulbsibiu.ro/ro/platforma-siepas/raportarea-activitatii-de-cercetare-in-facultati/#site-content
https://hostcercetare.ulbsibiu.ro/doc_DCS/SIEPAS/punctaje_individuale/Litere/2016.xls,xls,https://cercetare.ulbsibiu.ro/ro/platforma-siepas/raportarea-activitatii-de-cercetare-in-facultati/#site-content
https://hostcercetare.ulbsibiu.ro/doc_DCS/SIEPAS/punctaje_individuale/Litere/2015.pdf,pdf,https://cercetare.ulbsibiu.ro/ro/platforma-siepas/raportarea-activitatii-de-cercetare-in-facultati/#site-content
https://hostcercetare.ulbsibiu.ro/doc_DCS/SIEPAS/punctaje_individuale/Litere/2014.pdf,pdf,https://cercetare.ulbsibiu.ro/ro/platforma-siepas/raportarea-activitatii-de-cercetare-in-facultati/#site-content
https://hostcercetare.ulbsibiu.ro/doc_DCS/SIEPAS/punctaje_individuale/Litere/2013.pdf,pdf,https://cercetare.ulbsibiu.ro/ro/platforma-siepas/raportarea-activitatii-de-cercetare-in-facultati/#site-content
https://hostcercetare.ulbsibiu.ro/doc_DCS/SIEPAS/punctaje_individuale/Litere/2011_2012.pdf,pdf,https://cercetare.ulbsibiu.ro/ro/platforma-siepas/raportarea-activitatii-de-cercetare-in-facultati/#site-content
https://cercetare.ulbsibiu.ro/wp-content/uploads/SOCIO-UMANE_Anexa-2_Fisier-centralizator_2021_FSSU.xlsx,xlsx,https://cercetare.ulbsibiu.ro/ro/platforma-siepas/raportarea-activitatii-de-cercetare-in-facultati/#site-content
https://cercetare.ulbsibiu.ro/wp-content/uploads/Anexa-2_Fisier-centralizator_2020_FSSU-modificat-15-iulie.xlsx,xlsx,https://cercetare.ulbsibiu.ro/ro/platforma-siepas/raportarea-activitatii-de-cercetare-in-facultati/#site-content
https://hostcercetare.ulbsibiu.ro/docs/siepas/Facultatea%20de%20Socio-Umane.xls,xls,https://cercetare.ulbsibiu.ro/ro/platforma-siepas/raportarea-activitatii-de-cercetare-in-facultati/#site-content
https://hostcercetare.ulbsibiu.ro/doc_DCS/SIEPAS/punctaje_individuale/Socio/2018.xls,xls,https://cercetare.ulbsibiu.ro/ro/platforma-siepas/raportarea-activitatii-de-cercetare-in-facultati/#site-content
https://hostcercetare.ulbsibiu.ro/doc_DCS/SIEPAS/punctaje_individuale/Socio/2017.xlsx,xlsx,https://cercetare.ulbsibiu.ro/ro/platforma-siepas/raportarea-activitatii-de-cercetare-in-facultati/#site-content
https://hostcercetare.ulbsibiu.ro/doc_DCS/SIEPAS/punctaje_individuale/Socio/2016.xls,xls,https://cercetare.ulbsibiu.ro/ro/platforma-siepas/raportarea-activitatii-de-cercetare-in-facultati/#site-content
https://hostcercetare.ulbsibiu.ro/doc_DCS/SIEPAS/punctaje_individuale/Socio/2015.pdf,pdf,https://cercetare.ulbsibiu.ro/ro/platforma-siepas/raportarea-activitatii-de-cercetare-in-facultati/#site-content
https://hostcercetare.ulbsibiu.ro/doc_DCS/SIEPAS/punctaje_individuale/Socio/2014.pdf,pdf,https://cercetare.ulbsibiu.ro/ro/platforma-siepas/raportarea-activitatii-de-cercetare-in-facultati/#site-content
https://hostcercetare.ulbsibiu.ro/doc_DCS/SIEPAS/punctaje_individuale/Socio/2013.pdf,pdf,https://cercetare.ulbsibiu.ro/ro/platforma-siepas/raportarea-activitatii-de-cercetare-in-facultati/#site-content
https://hostcercetare.ulbsibiu.ro/doc_DCS/SIEPAS/punctaje_individuale/Socio/2011_2012.pdf,pdf,https://cercetare.ulbsibiu.ro/ro/platforma-siepas/raportarea-activitatii-de-cercetare-in-facultati/#site-content
https://cercetare.ulbsibiu.ro/wp-content/uploads/STIINTE_Anexa-2_Facultate.xls,xls,https://cercetare.ulbsibiu.ro/ro/platforma-siepas/raportarea-activitatii-de-cercetare-in-facultati/#site-content
https://cercetare.ulbsibiu.ro/wp-content/uploads/Corectat_Anexa-2_Fisier-centralizator_2020_Stiinte-2.xlsx,xlsx,https://cercetare.ulbsibiu.ro/ro/platforma-siepas/raportarea-activitatii-de-cercetare-in-facultati/#site-content
https://hostcercetare.ulbsibiu.ro/docs/siepas/Facultatea%20de%20Stiinte.xls,xls,https://cercetare.ulbsibiu.ro/ro/platforma-siepas/raportarea-activitatii-de-cercetare-in-facultati/#site-content
https://hostcercetare.ulbsibiu.ro/doc_DCS/SIEPAS/punctaje_individuale/Stiinte/2018.xls,xls,https://cercetare.ulbsibiu.ro/ro/platforma-siepas/raportarea-activitatii-de-cercetare-in-facultati/#site-content
https://hostcercetare.ulbsibiu.ro/doc_DCS/SIEPAS/punctaje_individuale/Stiinte/2017.xls,xls,https://cercetare.ulbsibiu.ro/ro/platforma-siepas/raportarea-activitatii-de-cercetare-in-facultati/#site-content
https://hostcercetare.ulbsibiu.ro/doc_DCS/SIEPAS/punctaje_individuale/Stiinte/2016.xls,xls,https://cercetare.ulbsibiu.ro/ro/platforma-siepas/raportarea-activitatii-de-cercetare-in-facultati/#site-content
https://hostcercetare.ulbsibiu.ro/doc_DCS/SIEPAS/punctaje_individuale/Stiinte/2015.pdf,pdf,https://cercetare.ulbsibiu.ro/ro/platforma-siepas/raportarea-activitatii-de-cercetare-in-facultati/#site-content
https://hostcercetare.ulbsibiu.ro/doc_DCS/SIEPAS/punctaje_individuale/Stiinte/2014.pdf,pdf,https://cercetare.ulbsibiu.ro/ro/platforma-siepas/raportarea-activitatii-de-cercetare-in-facultati/#site-content
https://hostcercetare.ulbsibiu.ro/doc_DCS/SIEPAS/punctaje_individuale/Stiinte/2013.pdf,pdf,https://cercetare.ulbsibiu.ro/ro/platforma-siepas/raportarea-activitatii-de-cercetare-in-facultati/#site-content
https://hostcercetare.ulbsibiu.ro/doc_DCS/SIEPAS/punctaje_individuale/Stiinte/2011_2012.pdf,pdf,https://cercetare.ulbsibiu.ro/ro/platforma-siepas/raportarea-activitatii-de-cercetare-in-facultati/#site-content
https://cercetare.ulbsibiu.ro/wp-content/uploads/MEDICINA_Facultate_Anexa-2_Centralizare.xls,xls,https://cercetare.ulbsibiu.ro/ro/platforma-siepas/raportarea-activitatii-de-cercetare-in-facultati/#site-content
https://cercetare.ulbsibiu.ro/wp-content/uploads/Anexa-2_Fisier-centralizator_Medicina_2020_25-noiembrie-2021_OK.xlsx,xlsx,https://cercetare.ulbsibiu.ro/ro/platforma-siepas/raportarea-activitatii-de-cercetare-in-facultati/#site-content
https://hostcercetare.ulbsibiu.ro/docs/siepas/Facultatea%20de%20Medicina.xls,xls,https://cercetare.ulbsibiu.ro/ro/platforma-siepas/raportarea-activitatii-de-cercetare-in-facultati/#site-content
https://hostcercetare.ulbsibiu.ro/doc_DCS/SIEPAS/punctaje_individuale/Medicina/2018.xlsx,xlsx,https://cercetare.ulbsibiu.ro/ro/platforma-siepas/raportarea-activitatii-de-cercetare-in-facultati/#site-content
https://hostcercetare.ulbsibiu.ro/doc_DCS/SIEPAS/punctaje_individuale/Medicina/2017.xls,xls,https://cercetare.ulbsibiu.ro/ro/platforma-siepas/raportarea-activitatii-de-cercetare-in-facultati/#site-content
https://hostcercetare.ulbsibiu.ro/doc_DCS/SIEPAS/punctaje_individuale/Medicina/2016.xls,xls,https://cercetare.ulbsibiu.ro/ro/platforma-siepas/raportarea-activitatii-de-cercetare-in-facultati/#site-content
https://hostcercetare.ulbsibiu.ro/doc_DCS/SIEPAS/punctaje_individuale/Medicina/2015.pdf,pdf,https://cercetare.ulbsibiu.ro/ro/platforma-siepas/raportarea-activitatii-de-cercetare-in-facultati/#site-content
https://hostcercetare.ulbsibiu.ro/doc_DCS/SIEPAS/punctaje_individuale/Medicina/2014.pdf,pdf,https://cercetare.ulbsibiu.ro/ro/platforma-siepas/raportarea-activitatii-de-cercetare-in-facultati/#site-content
https://hostcercetare.ulbsibiu.ro/doc_DCS/SIEPAS/punctaje_individuale/Medicina/2013.pdf,pdf,https://cercetare.ulbsibiu.ro/ro/platforma-siepas/raportarea-activitatii-de-cercetare-in-facultati/#site-content
https://hostcercetare.ulbsibiu.ro/doc_DCS/SIEPAS/punctaje_individuale/Medicina/2011_2012.pdf,pdf,https://cercetare.ulbsibiu.ro/ro/platforma-siepas/raportarea-activitatii-de-cercetare-in-facultati/#site-content
https://cercetare.ulbsibiu.ro/wp-content/uploads/SAIAPM_Anexa-2_Fisier-centralizator_FSAA2_2021.xls,xls,https://cercetare.ulbsibiu.ro/ro/platforma-siepas/raportarea-activitatii-de-cercetare-in-facultati/#site-content
https://cercetare.ulbsibiu.ro/wp-content/uploads/Anexa-2_Fisier-centralizator_FSAA2_2020.xlsx,xlsx,https://cercetare.ulbsibiu.ro/ro/platforma-siepas/raportarea-activitatii-de-cercetare-in-facultati/#site-content
https://hostcercetare.ulbsibiu.ro/docs/siepas/Facultatea%20SAIAPM.xls,xls,https://cercetare.ulbsibiu.ro/ro/platforma-siepas/raportarea-activitatii-de-cercetare-in-facultati/#site-content
https://hostcercetare.ulbsibiu.ro/doc_DCS/SIEPAS/punctaje_individuale/SAIPM/2018.xlsx,xlsx,https://cercetare.ulbsibiu.ro/ro/platforma-siepas/raportarea-activitatii-de-cercetare-in-facultati/#site-content
https://hostcercetare.ulbsibiu.ro/doc_DCS/SIEPAS/punctaje_individuale/SAIPM/2017.xlsx,xlsx,https://cercetare.ulbsibiu.ro/ro/platforma-siepas/raportarea-activitatii-de-cercetare-in-facultati/#site-content
https://hostcercetare.ulbsibiu.ro/doc_DCS/SIEPAS/punctaje_individuale/SAIPM/2016.xls,xls,https://cercetare.ulbsibiu.ro/ro/platforma-siepas/raportarea-activitatii-de-cercetare-in-facultati/#site-content
https://hostcercetare.ulbsibiu.ro/doc_DCS/SIEPAS/punctaje_individuale/SAIPM/2015.pdf,pdf,https://cercetare.ulbsibiu.ro/ro/platforma-siepas/raportarea-activitatii-de-cercetare-in-facultati/#site-content
https://hostcercetare.ulbsibiu.ro/doc_DCS/SIEPAS/punctaje_individuale/SAIPM/2014.pdf,pdf,https://cercetare.ulbsibiu.ro/ro/platforma-siepas/raportarea-activitatii-de-cercetare-in-facultati/#site-content
https://hostcercetare.ulbsibiu.ro/doc_DCS/SIEPAS/punctaje_individuale/SAIPM/2013.pdf,pdf,https://cercetare.ulbsibiu.ro/ro/platforma-siepas/raportarea-activitatii-de-cercetare-in-facultati/#site-content
https://hostcercetare.ulbsibiu.ro/doc_DCS/SIEPAS/punctaje_individuale/SAIPM/2011_2012.pdf,pdf,https://cercetare.ulbsibiu.ro/ro/platforma-siepas/raportarea-activitatii-de-cercetare-in-facultati/#site-content
https://cercetare.ulbsibiu.ro/wp-content/uploads/ECONOMICE_Anexa-2_Fisier-centralizator_2021_stiinte_economice.xls,xls,https://cercetare.ulbsibiu.ro/ro/platforma-siepas/raportarea-activitatii-de-cercetare-in-facultati/#site-content
https://cercetare.ulbsibiu.ro/wp-content/uploads/Anexa-2_Fisier-centralizator_2020-Stiinte_Economice-2.xlsx,xlsx,https://cercetare.ulbsibiu.ro/ro/platforma-siepas/raportarea-activitatii-de-cercetare-in-facultati/#site-content
https://hostcercetare.ulbsibiu.ro/docs/siepas/Facultatea%20de%20Stiinte%20Economice.xlsx,xlsx,https://cercetare.ulbsibiu.ro/ro/platforma-siepas/raportarea-activitatii-de-cercetare-in-facultati/#site-content
https://hostcercetare.ulbsibiu.ro/doc_DCS/SIEPAS/punctaje_individuale/StiinteEconomice/2018.xlsx,xlsx,https://cercetare.ulbsibiu.ro/ro/platforma-siepas/raportarea-activitatii-de-cercetare-in-facultati/#site-content
https://hostcercetare.ulbsibiu.ro/doc_DCS/SIEPAS/punctaje_individuale/StiinteEconomice/2017.xlsx,xlsx,https://cercetare.ulbsibiu.ro/ro/platforma-siepas/raportarea-activitatii-de-cercetare-in-facultati/#site-content
https://hostcercetare.ulbsibiu.ro/doc_DCS/SIEPAS/punctaje_individuale/StiinteEconomice/2016.xls,xls,https://cercetare.ulbsibiu.ro/ro/platforma-siepas/raportarea-activitatii-de-cercetare-in-facultati/#site-content
https://hostcercetare.ulbsibiu.ro/doc_DCS/SIEPAS/punctaje_individuale/StiinteEconomice/2015.pdf,pdf,https://cercetare.ulbsibiu.ro/ro/platforma-siepas/raportarea-activitatii-de-cercetare-in-facultati/#site-content
https://hostcercetare.ulbsibiu.ro/doc_DCS/SIEPAS/punctaje_individuale/StiinteEconomice/2014.pdf,pdf,https://cercetare.ulbsibiu.ro/ro/platforma-siepas/raportarea-activitatii-de-cercetare-in-facultati/#site-content
https://hostcercetare.ulbsibiu.ro/doc_DCS/SIEPAS/punctaje_individuale/StiinteEconomice/2013.pdf,pdf,https://cercetare.ulbsibiu.ro/ro/platforma-siepas/raportarea-activitatii-de-cercetare-in-facultati/#site-content
https://hostcercetare.ulbsibiu.ro/doc_DCS/SIEPAS/punctaje_individuale/StiinteEconomice/2011_2012.pdf,pdf,https://cercetare.ulbsibiu.ro/ro/platforma-siepas/raportarea-activitatii-de-cercetare-in-facultati/#site-content
https://hostcercetare.ulbsibiu.ro/doc_DCS/SIEPAS/baza_de_date/2015.xlsx,xlsx,https://cercetare.ulbsibiu.ro/ro/platforma-siepas/raportarea-activitatii-de-cercetare-in-facultati/#site-content
https://hostcercetare.ulbsibiu.ro/doc_DCS/SIEPAS/baza_de_date/2014.xlsx,xlsx,https://cercetare.ulbsibiu.ro/ro/platforma-siepas/raportarea-activitatii-de-cercetare-in-facultati/#site-content
https://hostcercetare.ulbsibiu.ro/doc_DCS/SIEPAS/baza_de_date/2013.xls,xls,https://cercetare.ulbsibiu.ro/ro/platforma-siepas/raportarea-activitatii-de-cercetare-in-facultati/#site-content
https://hostcercetare.ulbsibiu.ro/doc_DCS/SIEPAS/baza_de_date/2011_2012.xls,xls,https://cercetare.ulbsibiu.ro/ro/platforma-siepas/raportarea-activitatii-de-cercetare-in-facultati/#site-content
https://hostcercetare.ulbsibiu.ro/doc_DCS/SIEPAS/baza_de_date/2006_2010.xlsx,xlsx,https://cercetare.ulbsibiu.ro/ro/platforma-siepas/raportarea-activitatii-de-cercetare-in-facultati/#site-content
https://hostcercetare.ulbsibiu.ro/doc_DCS/proceduri/SIEPAS_2016.pdf,pdf,https://cercetare.ulbsibiu.ro/ro/platforma-siepas/raportare-siepas-pentru-anul-2016/#site-content
https://hostcercetare.ulbsibiu.ro/doc_DCS/proceduri/SIEPAS_2016.xls,xls,https://cercetare.ulbsibiu.ro/ro/platforma-siepas/raportare-siepas-pentru-anul-2016/#site-content
https://hostcercetare.ulbsibiu.ro/doc_DCS/proceduri/Centralizator_SIEPAS_2016.doc,doc,https://cercetare.ulbsibiu.ro/ro/platforma-siepas/raportare-siepas-pentru-anul-2016/#site-content
https://hostcercetare.ulbsibiu.ro/doc_DCS/proceduri/Adresa_Siepas_2018.pdf,pdf,https://cercetare.ulbsibiu.ro/ro/platforma-siepas/raportare-siepas-pentru-anul-2017/#site-content
https://hostcercetare.ulbsibiu.ro/doc_DCS/proceduri/Anexa%201_Fisa_individuala_de_autoevaluare_2017.xls,xls,https://cercetare.ulbsibiu.ro/ro/platforma-siepas/raportare-siepas-pentru-anul-2017/#site-content
https://hostcercetare.ulbsibiu.ro/doc_DCS/proceduri/Anexa%202_Raport_privind_rezultatele_cercetarii_2017.doc,doc,https://cercetare.ulbsibiu.ro/ro/platforma-siepas/raportare-siepas-pentru-anul-2017/#site-content
https://hostcercetare.ulbsibiu.ro/doc_DCS/proceduri/Metodologie%20raportare%20SIEPAS%202018.pdf,pdf,https://cercetare.ulbsibiu.ro/ro/platforma-siepas/raportare-siepas-pentru-anul-2018/#site-content
https://hostcercetare.ulbsibiu.ro/doc_DCS/proceduri/Anexa%201_Fisa_individuala_de_autoevaluare_2018_.xls,xls,https://cercetare.ulbsibiu.ro/ro/platforma-siepas/raportare-siepas-pentru-anul-2018/#site-content
https://hostcercetare.ulbsibiu.ro/doc_DCS/proceduri/Anexa%202_Fisier%20centralizator_2018.xls,xls,https://cercetare.ulbsibiu.ro/ro/platforma-siepas/raportare-siepas-pentru-anul-2018/#site-content
https://hostcercetare.ulbsibiu.ro/doc_DCS/proceduri/Anexa%203_Raport_privind_rezultatele_cercetarii_2018.doc,doc,https://cercetare.ulbsibiu.ro/ro/platforma-siepas/raportare-siepas-pentru-anul-2018/#site-content
https://hostcercetare.ulbsibiu.ro/doc_DCS/diverse/Lista%20carti%20tiparite%20in%202018_actualizata.pdf,pdf,https://cercetare.ulbsibiu.ro/ro/platforma-siepas/raportare-siepas-pentru-anul-2018/#site-content
https://hostcercetare.ulbsibiu.ro/doc_DCS/proceduri/Adresa%20cercetare_SIEPAS_2019.docx,docx,https://cercetare.ulbsibiu.ro/ro/platforma-siepas/raportare-siepas-pentru-anul-2019/#site-content
https://hostcercetare.ulbsibiu.ro/doc_DCS/proceduri/Anexa%201_Fisa_individuala_de_autoevaluare_2019.xls,xls,https://cercetare.ulbsibiu.ro/ro/platforma-siepas/raportare-siepas-pentru-anul-2019/#site-content
https://hostcercetare.ulbsibiu.ro/doc_DCS/proceduri/Anexa%202_Fisier%20centralizator_2019.xls,xls,https://cercetare.ulbsibiu.ro/ro/platforma-siepas/raportare-siepas-pentru-anul-2019/#site-content
https://hostcercetare.ulbsibiu.ro/doc_DCS/proceduri/Anexa%203_Raport_privind_rezultatele_cercetarii_2019.doc,doc,https://cercetare.ulbsibiu.ro/ro/platforma-siepas/raportare-siepas-pentru-anul-2019/#site-content
https://cercetare.ulbsibiu.ro/wp-content/uploads/Anexa-1_Fisa_individuala_de_autoevaluare_2020.xls,xls,https://cercetare.ulbsibiu.ro/ro/platforma-siepas/raportare-siepas-pentru-anul-2020/#site-content
https://cercetare.ulbsibiu.ro/wp-content/uploads/Anexa-1_Fisa_individuala_de_autoevaluare_2020-2.xls,xls,https://cercetare.ulbsibiu.ro/ro/platforma-siepas/raportare-siepas-pentru-anul-2020/#site-content
https://cercetare.ulbsibiu.ro/wp-content/uploads/Anexa-2_Fisier-centralizator_2020.xls,xls,https://cercetare.ulbsibiu.ro/ro/platforma-siepas/raportare-siepas-pentru-anul-2020/#site-content
https://cercetare.ulbsibiu.ro/wp-content/uploads/Anexa-2_Fisier-centralizator_2020-1.xls,xls,https://cercetare.ulbsibiu.ro/ro/platforma-siepas/raportare-siepas-pentru-anul-2020/#site-content
https://cercetare.ulbsibiu.ro/wp-content/uploads/Anexa-3_Raport_privind_rezultatele_cercetarii_2020-1.docx,docx,https://cercetare.ulbsibiu.ro/ro/platforma-siepas/raportare-siepas-pentru-anul-2020/#site-content
https://cercetare.ulbsibiu.ro/wp-content/uploads/Anexa-1_Fisa_individuala_de_autoevaluare_2021.xls,xls,https://cercetare.ulbsibiu.ro/ro/platforma-siepas/raportare-siepas-pentru-anul-2021/#site-content
https://cercetare.ulbsibiu.ro/wp-content/uploads/Anexa-2_Fisier-centralizator_2021.xls,xls,https://cercetare.ulbsibiu.ro/ro/platforma-siepas/raportare-siepas-pentru-anul-2021/#site-content
https://cercetare.ulbsibiu.ro/wp-content/uploads/Anexa-3_Raport_privind_rezultatele_cercetarii_2021.docx,docx,https://cercetare.ulbsibiu.ro/ro/platforma-siepas/raportare-siepas-pentru-anul-2021/#site-content
http://senat.ulbsibiu.ro/wp-content/uploads/Sistemul-integrat-de-evaluare-a-performantelor-academice-si-stiintifice-SIEPAS.pdf,pdf,https://cercetare.ulbsibiu.ro/ro/platforma-siepas/metodologie-siepas-2017/#site-content
https://hostcercetare.ulbsibiu.ro/doc_DCS/proceduri/Edituri_2017.xls,xls,https://cercetare.ulbsibiu.ro/ro/platforma-siepas/metodologie-siepas-2017/#site-content
https://cercetare.ulbsibiu.ro/wp-content/uploads/2022.xlsx,xlsx,https://cercetare.ulbsibiu.ro/ro/gradis/raportarea-activitatii-gradis-in-facultati/#site-content
https://cercetare.ulbsibiu.ro/wp-content/uploads/2023-10.xlsx,xlsx,https://cercetare.ulbsibiu.ro/ro/gradis/raportarea-activitatii-gradis-in-facultati/#site-content
https://cercetare.ulbsibiu.ro/wp-content/uploads/2024-3.xlsx,xlsx,https://cercetare.ulbsibiu.ro/ro/gradis/raportarea-activitatii-gradis-in-facultati/#site-content
https://cercetare.ulbsibiu.ro/wp-content/uploads/2022-1.xlsx,xlsx,https://cercetare.ulbsibiu.ro/ro/gradis/raportarea-activitatii-gradis-in-facultati/#site-content
https://cercetare.ulbsibiu.ro/wp-content/uploads/2023-11.xlsx,xlsx,https://cercetare.ulbsibiu.ro/ro/gradis/raportarea-activitatii-gradis-in-facultati/#site-content
https://cercetare.ulbsibiu.ro/wp-content/uploads/2024-2.xlsx,xlsx,https://cercetare.ulbsibiu.ro/ro/gradis/raportarea-activitatii-gradis-in-facultati/#site-content
https://cercetare.ulbsibiu.ro/wp-content/uploads/2022-2.xlsx,xlsx,https://cercetare.ulbsibiu.ro/ro/gradis/raportarea-activitatii-gradis-in-facultati/#site-content
https://cercetare.ulbsibiu.ro/wp-content/uploads/2023-12.xlsx,xlsx,https://cercetare.ulbsibiu.ro/ro/gradis/raportarea-activitatii-gradis-in-facultati/#site-content
https://cercetare.ulbsibiu.ro/wp-content/uploads/2024-4.xlsx,xlsx,https://cercetare.ulbsibiu.ro/ro/gradis/raportarea-activitatii-gradis-in-facultati/#site-content
https://cercetare.ulbsibiu.ro/wp-content/uploads/2022-3.xlsx,xlsx,https://cercetare.ulbsibiu.ro/ro/gradis/raportarea-activitatii-gradis-in-facultati/#site-content
https://cercetare.ulbsibiu.ro/wp-content/uploads/2023-13.xlsx,xlsx,https://cercetare.ulbsibiu.ro/ro/gradis/raportarea-activitatii-gradis-in-facultati/#site-content
https://cercetare.ulbsibiu.ro/wp-content/uploads/2024-5.xlsx,xlsx,https://cercetare.ulbsibiu.ro/ro/gradis/raportarea-activitatii-gradis-in-facultati/#site-content
https://cercetare.ulbsibiu.ro/wp-content/uploads/2022-4.xlsx,xlsx,https://cercetare.ulbsibiu.ro/ro/gradis/raportarea-activitatii-gradis-in-facultati/#site-content
https://cercetare.ulbsibiu.ro/wp-content/uploads/2023-14.xlsx,xlsx,https://cercetare.ulbsibiu.ro/ro/gradis/raportarea-activitatii-gradis-in-facultati/#site-content
https://cercetare.ulbsibiu.ro/wp-content/uploads/Facultatea-de-Stiinte-Socio-Umane-Raport-Centralizator-2024-1.xlsx,xlsx,https://cercetare.ulbsibiu.ro/ro/gradis/raportarea-activitatii-gradis-in-facultati/#site-content
https://cercetare.ulbsibiu.ro/wp-content/uploads/2022-5.xlsx,xlsx,https://cercetare.ulbsibiu.ro/ro/gradis/raportarea-activitatii-gradis-in-facultati/#site-content
https://cercetare.ulbsibiu.ro/wp-content/uploads/2023-15.xlsx,xlsx,https://cercetare.ulbsibiu.ro/ro/gradis/raportarea-activitatii-gradis-in-facultati/#site-content
https://cercetare.ulbsibiu.ro/wp-content/uploads/2024-7.xlsx,xlsx,https://cercetare.ulbsibiu.ro/ro/gradis/raportarea-activitatii-gradis-in-facultati/#site-content
https://cercetare.ulbsibiu.ro/wp-content/uploads/2022-10.xlsx,xlsx,https://cercetare.ulbsibiu.ro/ro/gradis/raportarea-activitatii-gradis-in-facultati/#site-content
https://cercetare.ulbsibiu.ro/wp-content/uploads/2023-16.xlsx,xlsx,https://cercetare.ulbsibiu.ro/ro/gradis/raportarea-activitatii-gradis-in-facultati/#site-content
https://cercetare.ulbsibiu.ro/wp-content/uploads/2024-8.xlsx,xlsx,https://cercetare.ulbsibiu.ro/ro/gradis/raportarea-activitatii-gradis-in-facultati/#site-content
https://cercetare.ulbsibiu.ro/wp-content/uploads/2022-7.xlsx,xlsx,https://cercetare.ulbsibiu.ro/ro/gradis/raportarea-activitatii-gradis-in-facultati/#site-content
https://cercetare.ulbsibiu.ro/wp-content/uploads/2023-17.xlsx,xlsx,https://cercetare.ulbsibiu.ro/ro/gradis/raportarea-activitatii-gradis-in-facultati/#site-content
https://cercetare.ulbsibiu.ro/wp-content/uploads/2024-9.xlsx,xlsx,https://cercetare.ulbsibiu.ro/ro/gradis/raportarea-activitatii-gradis-in-facultati/#site-content
https://cercetare.ulbsibiu.ro/wp-content/uploads/2022-8.xlsx,xlsx,https://cercetare.ulbsibiu.ro/ro/gradis/raportarea-activitatii-gradis-in-facultati/#site-content
https://cercetare.ulbsibiu.ro/wp-content/uploads/2023-18.xlsx,xlsx,https://cercetare.ulbsibiu.ro/ro/gradis/raportarea-activitatii-gradis-in-facultati/#site-content
https://cercetare.ulbsibiu.ro/wp-content/uploads/Facultatea-de-Stiinte-Economice-Raport-Centralizator-2024-1.xlsx,xlsx,https://cercetare.ulbsibiu.ro/ro/gradis/raportarea-activitatii-gradis-in-facultati/#site-content
https://cercetare.ulbsibiu.ro/wp-content/uploads/GRADIS-2022_Anexa1.xlsx,xlsx,https://cercetare.ulbsibiu.ro/ro/raportare-gradis-pentru-anul-2022/#site-content
https://cercetare.ulbsibiu.ro/wp-content/uploads/GRADIS-2022_Anexa2_Centralizator-.xlsx,xlsx,https://cercetare.ulbsibiu.ro/ro/raportare-gradis-pentru-anul-2022/#site-content
https://cercetare.ulbsibiu.ro/wp-content/uploads/Gradis_Anexa3_2022.docx,docx,https://cercetare.ulbsibiu.ro/ro/raportare-gradis-pentru-anul-2022/#site-content
https://cercetare.ulbsibiu.ro/wp-content/uploads/Edituri-internationale-de-prestigiu-recunoscute-de-ULBS-2.xls,xls,https://cercetare.ulbsibiu.ro/ro/raportare-gradis-pentru-anul-2022/#site-content
https://cercetare.ulbsibiu.ro/wp-content/uploads/GRADIS-2023_Anexa1.xlsx,xlsx,https://cercetare.ulbsibiu.ro/ro/raportare-gradis-pentru-anul-2023/#site-content
https://cercetare.ulbsibiu.ro/wp-content/uploads/GRADIS-2023_Anexa2_Centralizator.xlsx,xlsx,https://cercetare.ulbsibiu.ro/ro/raportare-gradis-pentru-anul-2023/#site-content
https://cercetare.ulbsibiu.ro/wp-content/uploads/Gradis_Anexa3_2023.docx,docx,https://cercetare.ulbsibiu.ro/ro/raportare-gradis-pentru-anul-2023/#site-content
https://cercetare.ulbsibiu.ro/wp-content/uploads/Edituri-internationale-de-prestigiu-recunoscute-de-ULBS-3.xls,xls,https://cercetare.ulbsibiu.ro/ro/raportare-gradis-pentru-anul-2023/#site-content
https://cercetare.ulbsibiu.ro/wp-content/uploads/GRADIS-2024_Anexa1.xlsx,xlsx,https://cercetare.ulbsibiu.ro/ro/raportare-gradis-pentru-anul-2024/#site-content
https://cercetare.ulbsibiu.ro/wp-content/uploads/GRADIS-2024_Anexa1-1-1.xlsx,xlsx,https://cercetare.ulbsibiu.ro/ro/raportare-gradis-pentru-anul-2024/#site-content
https://cercetare.ulbsibiu.ro/wp-content/uploads/GRADIS-2024_Anexa2_Centralizator-.xlsx,xlsx,https://cercetare.ulbsibiu.ro/ro/raportare-gradis-pentru-anul-2024/#site-content
https://cercetare.ulbsibiu.ro/wp-content/uploads/Gradis_Anexa3_2024.docx,docx,https://cercetare.ulbsibiu.ro/ro/raportare-gradis-pentru-anul-2024/#site-content
https://cercetare.ulbsibiu.ro/wp-content/uploads/Gradis_Anexa3_2024-2.docx,docx,https://cercetare.ulbsibiu.ro/ro/raportare-gradis-pentru-anul-2024/#site-content
https://cercetare.ulbsibiu.ro/wp-content/uploads/Hotararea-Senatului-nr.-4973-din-25.09.2025.pdf,pdf,https://cercetare.ulbsibiu.ro/ro/infrastructura-de-cercetare/publicatii-stiintifice/lista-publicatii/#site-content
https://cercetare.ulbsibiu.ro/wp-content/uploads/Regulament-privind-statutul-si-functionarea-revistelor-stiintifice-editate-de-ULBS-3.pdf,pdf,https://cercetare.ulbsibiu.ro/ro/infrastructura-de-cercetare/publicatii-stiintifice/lista-publicatii/#site-content
https://hostcercetare.ulbsibiu.ro/docs/noutati/Anexa%201%20Cerere%20de%20finantare.docx,docx,https://cercetare.ulbsibiu.ro/ro/infrastructura-de-cercetare/centre-de-cercetare/proceduri-si-regulamente/#site-content
https://hostcercetare.ulbsibiu.ro/docs/noutati/Procedura%20operationala%20finantare%20HPI%20centre%20de%20cercetare.pdf,pdf,https://cercetare.ulbsibiu.ro/ro/infrastructura-de-cercetare/centre-de-cercetare/proceduri-si-regulamente/#site-content
https://cercetare.ulbsibiu.ro/wp-content/uploads/Regulamentul-privind-recunoasterea-si-infiintarea-unitatilor-de-cercetare-in-ULBS-.pdf,pdf,https://cercetare.ulbsibiu.ro/ro/infrastructura-de-cercetare/centre-de-cercetare/proceduri-si-regulamente/#site-content
https://hostcercetare.ulbsibiu.ro/docs/rapoarte/Centrul%20de%20studii%20%C8%99i%20cercet%C4%83ri%20pentru%20deform%C4%83ri%20plastice.pdf,pdf,https://cercetare.ulbsibiu.ro/ro/dosare-de-evaluare-centre-de-cercetare-2025/#site-content
https://hostcercetare.ulbsibiu.ro/docs/rapoarte/Centru%20de%20cercetare%20pentru%20Produse%20%C8%99i%20Procese%20Sustenabile.pdf,pdf,https://cercetare.ulbsibiu.ro/ro/dosare-de-evaluare-centre-de-cercetare-2025/#site-content
https://hostcercetare.ulbsibiu.ro/docs/rapoarte/Centrul%20de%20Cercetari%20Economice.pdf,pdf,https://cercetare.ulbsibiu.ro/ro/dosare-de-evaluare-centre-de-cercetare-2025/#site-content
https://hostcercetare.ulbsibiu.ro/docs/rapoarte/Centrul%20de%20Cercetare%20a%20Patrimoniului%20si%20Istoriei%20Socio-Culturale.pdf,pdf,https://cercetare.ulbsibiu.ro/ro/dosare-de-evaluare-centre-de-cercetare-2025/#site-content
https://hostcercetare.ulbsibiu.ro/docs/rapoarte/Centrul%20de%20Cercetare%20%C3%AEn%20Informatic%C4%83%20%C8%99i%20Tehnologia%20Informa%C8%9Biei.pdf,pdf,https://cercetare.ulbsibiu.ro/ro/dosare-de-evaluare-centre-de-cercetare-2025/#site-content
https://hostcercetare.ulbsibiu.ro/docs/rapoarte/Centrul%20de%20cercet%C4%83ri%20pentru%20arhitecturi%20avansate%20de%20procesare%20a%20informa%C8%9Biei.pdf,pdf,https://cercetare.ulbsibiu.ro/ro/dosare-de-evaluare-centre-de-cercetare-2025/#site-content
https://hostcercetare.ulbsibiu.ro/docs/rapoarte/Centrul%20de%20cercet%C4%83ri%20%C3%AEn%20inteligen%C8%9B%C4%83%20conectat%C4%83.pdf,pdf,https://cercetare.ulbsibiu.ro/ro/dosare-de-evaluare-centre-de-cercetare-2025/#site-content
https://hostcercetare.ulbsibiu.ro/docs/rapoarte/Centrul%20pentru%20Cercetare%20Social%C4%83.pdf,pdf,https://cercetare.ulbsibiu.ro/ro/dosare-de-evaluare-centre-de-cercetare-2025/#site-content
"https://hostcercetare.ulbsibiu.ro/docs/rapoarte/Centrul%20de%20Cercetare%20%C3%AEn%20%C8%98tiin%C8%9Be%20Politice,%20Rela%C8%9Bii%20Interna%C8%9Bionale%20%C8%99i%20Studii%20Europene.pdf",pdf,https://cercetare.ulbsibiu.ro/ro/dosare-de-evaluare-centre-de-cercetare-2025/#site-content
https://hostcercetare.ulbsibiu.ro/docs/rapoarte/Centrul%20de%20Cercetare%20Psihologic%C4%83.pdf,pdf,https://cercetare.ulbsibiu.ro/ro/dosare-de-evaluare-centre-de-cercetare-2025/#site-content
https://hostcercetare.ulbsibiu.ro/docs/rapoarte/Centrul%20de%20cercetare%20%C3%AEn%20ecologie%20aplicat%C4%83.pdf,pdf,https://cercetare.ulbsibiu.ro/ro/dosare-de-evaluare-centre-de-cercetare-2025/#site-content
https://hostcercetare.ulbsibiu.ro/docs/rapoarte/Centrul%20de%20Cercetare%20in%20Matematica%20si%20Aplicatii.pdf,pdf,https://cercetare.ulbsibiu.ro/ro/dosare-de-evaluare-centre-de-cercetare-2025/#site-content
https://hostcercetare.ulbsibiu.ro/docs/rapoarte/Centrul%20de%20Cercetare%20pentru%20sisteme%20fizice%20complexe.pdf,pdf,https://cercetare.ulbsibiu.ro/ro/dosare-de-evaluare-centre-de-cercetare-2025/#site-content
"https://hostcercetare.ulbsibiu.ro/docs/rapoarte/Centrul%20de%20studii%20lingvistice,%20literare%20%C8%99i%20culturale.pdf",pdf,https://cercetare.ulbsibiu.ro/ro/dosare-de-evaluare-centre-de-cercetare-2025/#site-content
https://hostcercetare.ulbsibiu.ro/docs/rapoarte/Centrul%20de%20Cercet%C4%83ri%20Avansate%20%C3%AEn%20Domniul%20Artele%20Spectacolului.pdf,pdf,https://cercetare.ulbsibiu.ro/ro/dosare-de-evaluare-centre-de-cercetare-2025/#site-content
https://hostcercetare.ulbsibiu.ro/docs/rapoarte/Centrul%20de%20Cercetare%20Ecumenic%C4%83.pdf,pdf,https://cercetare.ulbsibiu.ro/ro/dosare-de-evaluare-centre-de-cercetare-2025/#site-content
https://hostcercetare.ulbsibiu.ro/docs/rapoarte/Centrul%20de%20Cercetare%20Teologic%C4%83.pdf,pdf,https://cercetare.ulbsibiu.ro/ro/dosare-de-evaluare-centre-de-cercetare-2025/#site-content
https://hostcercetare.ulbsibiu.ro/docs/rapoarte/Centrul%20de%20Cercet%C4%83ri%20%C3%AEn%20Biotehnologii%20%C8%99i%20Tehnologii%20Alimentare.pdf,pdf,https://cercetare.ulbsibiu.ro/ro/dosare-de-evaluare-centre-de-cercetare-2025/#site-content
https://hostcercetare.ulbsibiu.ro/docs/noutati/RAPORT%20CERCETARE%202020-28102020103845.pdf,pdf,https://cercetare.ulbsibiu.ro/ro/dosare-de-evaluare-centre-de-cercetare-2025/#site-content
https://hostcercetare.ulbsibiu.ro/docs/rapoarte/Centrul%20de%20Cercetare%20%C8%99i%20Analiz%C4%83%20Psihopedagogic%C4%83.pdf,pdf,https://cercetare.ulbsibiu.ro/ro/dosare-de-evaluare-centre-de-cercetare-2025/#site-content
https://cercetare.ulbsibiu.ro/wp-content/uploads/2024.pdf,pdf,https://cercetare.ulbsibiu.ro/ro/dosare-de-evaluare-centre-de-cercetare-2024/#site-content
https://cercetare.ulbsibiu.ro/wp-content/uploads/CCPPS_Raport-de-Activitate_2020_2024.pdf,pdf,https://cercetare.ulbsibiu.ro/ro/dosare-de-evaluare-centre-de-cercetare-2024/#site-content
https://cercetare.ulbsibiu.ro/wp-content/uploads/Raport-activitate-CSCDP-2020-2024.pdf,pdf,https://cercetare.ulbsibiu.ro/ro/dosare-de-evaluare-centre-de-cercetare-2024/#site-content
https://cercetare.ulbsibiu.ro/wp-content/uploads/Raport_2020_2024_INCON.pdf,pdf,https://cercetare.ulbsibiu.ro/ro/dosare-de-evaluare-centre-de-cercetare-2024/#site-content
https://cercetare.ulbsibiu.ro/wp-content/uploads/Raport-de-Activitate-CAVAS-v.-15-iul.pdf,pdf,https://cercetare.ulbsibiu.ro/ro/dosare-de-evaluare-centre-de-cercetare-2024/#site-content
https://cercetare.ulbsibiu.ro/wp-content/uploads/Centru-de-cercetare-CSLLC-din-FLA_Raport-de-activitate-2020-2024.pdf,pdf,https://cercetare.ulbsibiu.ro/ro/dosare-de-evaluare-centre-de-cercetare-2024/#site-content
https://cercetare.ulbsibiu.ro/wp-content/uploads/Raport-de-Activitate-BERC-15-07-2024.pdf,pdf,https://cercetare.ulbsibiu.ro/ro/dosare-de-evaluare-centre-de-cercetare-2024/#site-content
https://cercetare.ulbsibiu.ro/wp-content/uploads/RAPORT-de-Activitate_Centru-de-cercetare_2020-2024.pdf,pdf,https://cercetare.ulbsibiu.ro/ro/dosare-de-evaluare-centre-de-cercetare-2024/#site-content
https://cercetare.ulbsibiu.ro/wp-content/uploads/Raport_2020_2024_RC-IIT_26_07_24.pdf,pdf,https://cercetare.ulbsibiu.ro/ro/dosare-de-evaluare-centre-de-cercetare-2024/#site-content
https://cercetare.ulbsibiu.ro/wp-content/uploads/Raport-de-Activitate-CENTRU-Template-final_8.pdf,pdf,https://cercetare.ulbsibiu.ro/ro/dosare-de-evaluare-centre-de-cercetare-2024/#site-content
https://cercetare.ulbsibiu.ro/wp-content/uploads/Raport-de-acivitate_CCBIA_Prof.-Ovidiu-TITA_2020_2024.pdf,pdf,https://cercetare.ulbsibiu.ro/ro/dosare-de-evaluare-centre-de-cercetare-2024/#site-content
https://cercetare.ulbsibiu.ro/wp-content/uploads/Raport-SAPM.pdf,pdf,https://cercetare.ulbsibiu.ro/ro/dosare-de-evaluare-centre-de-cercetare-2024/#site-content
https://cercetare.ulbsibiu.ro/wp-content/uploads/Raport-de-Activitate-CCE-2020-2024.pdf,pdf,https://cercetare.ulbsibiu.ro/ro/dosare-de-evaluare-centre-de-cercetare-2024/#site-content
https://cercetare.ulbsibiu.ro/wp-content/uploads/CCPISC_Raport-de-Activitate_2020-2024.pdf,pdf,https://cercetare.ulbsibiu.ro/ro/dosare-de-evaluare-centre-de-cercetare-2024/#site-content
https://cercetare.ulbsibiu.ro/wp-content/uploads/Raport-de-Activitate-CCPSI.pdf,pdf,https://cercetare.ulbsibiu.ro/ro/dosare-de-evaluare-centre-de-cercetare-2024/#site-content
https://cercetare.ulbsibiu.ro/wp-content/uploads/Raport-de-activitate-CSR-2020-2024.pdf,pdf,https://cercetare.ulbsibiu.ro/ro/dosare-de-evaluare-centre-de-cercetare-2024/#site-content
https://cercetare.ulbsibiu.ro/wp-content/uploads/Raport-de-Activitate-Centrul-de-Cercetare-si-Analiza-Psihopedagogica_10-iulie-2024.pdf,pdf,https://cercetare.ulbsibiu.ro/ro/dosare-de-evaluare-centre-de-cercetare-2024/#site-content
https://cercetare.ulbsibiu.ro/wp-content/uploads/Raport-de-Activitate-Centrul-de-Cercetare-si-Analiza-Psihopedagogica_10-iulie-2024-1.pdf,pdf,https://cercetare.ulbsibiu.ro/ro/dosare-de-evaluare-centre-de-cercetare-2024/#site-content
https://cercetare.ulbsibiu.ro/wp-content/uploads/CCE_Raport-de-Activitate-2020-2024.pdf,pdf,https://cercetare.ulbsibiu.ro/ro/dosare-de-evaluare-centre-de-cercetare-2024/#site-content
https://cercetare.ulbsibiu.ro/wp-content/uploads/Raport-CENTRU-CERCETARE-TEOLOGIE-.pdf,pdf,https://cercetare.ulbsibiu.ro/ro/dosare-de-evaluare-centre-de-cercetare-2024/#site-content
https://cercetare.ulbsibiu.ro/wp-content/uploads/Raport-de-Activitate-CENTRU-DE-CERCETARE-IN-MEDICINA-INVAZIVA-CCMI-2020-2024-semnat.pdf,pdf,https://cercetare.ulbsibiu.ro/ro/dosare-de-evaluare-centre-de-cercetare-2024/#site-content
https://cercetare.ulbsibiu.ro/wp-content/uploads/Raport-Centru-de-Cercetare-in-Neurostiinte-ULBS-29.07.2024.pdf,pdf,https://cercetare.ulbsibiu.ro/ro/dosare-de-evaluare-centre-de-cercetare-2024/#site-content
https://cercetare.ulbsibiu.ro/wp-content/uploads/raportare-CCMD-.pdf,pdf,https://cercetare.ulbsibiu.ro/ro/dosare-de-evaluare-centre-de-cercetare-2024/#site-content
https://cercetare.ulbsibiu.ro/wp-content/uploads/Centrul-de-cercetari-pentru-arhitecturi-avansate-de-procesare-a-informatiei-1.pdf,pdf,https://cercetare.ulbsibiu.ro/ro/infrastructura-de-cercetare/centre-de-cercetare/dosare-de-evaluare-centre-de-cercetare/#site-content
https://cercetare.ulbsibiu.ro/wp-content/uploads/Centrul-de-Cercetare-pentru-Procese-si-Produse-Sustenabile.pdf,pdf,https://cercetare.ulbsibiu.ro/ro/infrastructura-de-cercetare/centre-de-cercetare/dosare-de-evaluare-centre-de-cercetare/#site-content
https://cercetare.ulbsibiu.ro/wp-content/uploads/Centrul-de-studii-si-cercetari-pentru-deformari-plastice-1.pdf,pdf,https://cercetare.ulbsibiu.ro/ro/infrastructura-de-cercetare/centre-de-cercetare/dosare-de-evaluare-centre-de-cercetare/#site-content
https://cercetare.ulbsibiu.ro/wp-content/uploads/Centrul-de-Cercetare-in-Inteligenta-Conectata.pdf,pdf,https://cercetare.ulbsibiu.ro/ro/infrastructura-de-cercetare/centre-de-cercetare/dosare-de-evaluare-centre-de-cercetare/#site-content
https://cercetare.ulbsibiu.ro/wp-content/uploads/Centrul-de-Cercetari-Avansate-in-Artele-Spectacolului.pdf,pdf,https://cercetare.ulbsibiu.ro/ro/infrastructura-de-cercetare/centre-de-cercetare/dosare-de-evaluare-centre-de-cercetare/#site-content
https://cercetare.ulbsibiu.ro/wp-content/uploads/Centrul-de-cercetari-lingvistice-literare-si-culturale.pdf,pdf,https://cercetare.ulbsibiu.ro/ro/infrastructura-de-cercetare/centre-de-cercetare/dosare-de-evaluare-centre-de-cercetare/#site-content
https://cercetare.ulbsibiu.ro/wp-content/uploads/Centrul-de-Cercetare-in-Biologie-si-Ecologie.pdf,pdf,https://cercetare.ulbsibiu.ro/ro/infrastructura-de-cercetare/centre-de-cercetare/dosare-de-evaluare-centre-de-cercetare/#site-content
https://cercetare.ulbsibiu.ro/wp-content/uploads/Centrul-de-Cercetare-in-Matematica-si-Aplicatii.pdf,pdf,https://cercetare.ulbsibiu.ro/ro/infrastructura-de-cercetare/centre-de-cercetare/dosare-de-evaluare-centre-de-cercetare/#site-content
https://cercetare.ulbsibiu.ro/wp-content/uploads/Centrul-de-cercetare-in-informatica-si-tehnologia-informatiei-1.pdf,pdf,https://cercetare.ulbsibiu.ro/ro/infrastructura-de-cercetare/centre-de-cercetare/dosare-de-evaluare-centre-de-cercetare/#site-content
https://cercetare.ulbsibiu.ro/wp-content/uploads/Centrul-de-Cercetare-pentru-Sisteme-fizice-complexe-1.pdf,pdf,https://cercetare.ulbsibiu.ro/ro/infrastructura-de-cercetare/centre-de-cercetare/dosare-de-evaluare-centre-de-cercetare/#site-content
https://cercetare.ulbsibiu.ro/wp-content/uploads/Centrul-de-Cercetari-in-Biotehnologii-si-Inginerii-Alimentare.pdf,pdf,https://cercetare.ulbsibiu.ro/ro/infrastructura-de-cercetare/centre-de-cercetare/dosare-de-evaluare-centre-de-cercetare/#site-content
https://cercetare.ulbsibiu.ro/wp-content/uploads/Centrul-de-Cercetare-pentru-Stiinte-Agricole-si-Protectia-Mediului.pdf,pdf,https://cercetare.ulbsibiu.ro/ro/infrastructura-de-cercetare/centre-de-cercetare/dosare-de-evaluare-centre-de-cercetare/#site-content
https://cercetare.ulbsibiu.ro/wp-content/uploads/Centrul-de-Cercetari-Economice.pdf,pdf,https://cercetare.ulbsibiu.ro/ro/infrastructura-de-cercetare/centre-de-cercetare/dosare-de-evaluare-centre-de-cercetare/#site-content
https://cercetare.ulbsibiu.ro/wp-content/uploads/Centrul-de-Cercetare-ai-Patrimoniului-si-Istoriei-Socio-Culturale.pdf,pdf,https://cercetare.ulbsibiu.ro/ro/infrastructura-de-cercetare/centre-de-cercetare/dosare-de-evaluare-centre-de-cercetare/#site-content
https://cercetare.ulbsibiu.ro/wp-content/uploads/Centrul-de-Cercetare-Psihologica-Sibiu.pdf,pdf,https://cercetare.ulbsibiu.ro/ro/infrastructura-de-cercetare/centre-de-cercetare/dosare-de-evaluare-centre-de-cercetare/#site-content
https://cercetare.ulbsibiu.ro/wp-content/uploads/Centrul-pentru-Cercetare-Sociala-1.pdf,pdf,https://cercetare.ulbsibiu.ro/ro/infrastructura-de-cercetare/centre-de-cercetare/dosare-de-evaluare-centre-de-cercetare/#site-content
https://cercetare.ulbsibiu.ro/wp-content/uploads/Centrul-pentru-Cercetare-si-Analiza-Psihopedagogica.pdf,pdf,https://cercetare.ulbsibiu.ro/ro/infrastructura-de-cercetare/centre-de-cercetare/dosare-de-evaluare-centre-de-cercetare/#site-content
https://cercetare.ulbsibiu.ro/wp-content/uploads/Centrul-de-Cercetare-in-Stiinte-Politice-Relatii-Internationale-si-Studii-Europene-1.pdf,pdf,https://cercetare.ulbsibiu.ro/ro/infrastructura-de-cercetare/centre-de-cercetare/dosare-de-evaluare-centre-de-cercetare/#site-content
https://cercetare.ulbsibiu.ro/wp-content/uploads/Centrul-de-Studii-Globale.pdf,pdf,https://cercetare.ulbsibiu.ro/ro/infrastructura-de-cercetare/centre-de-cercetare/dosare-de-evaluare-centre-de-cercetare/#site-content
https://cercetare.ulbsibiu.ro/wp-content/uploads/Centrul-de-Cercetare-Ecumenica-1.pdf,pdf,https://cercetare.ulbsibiu.ro/ro/infrastructura-de-cercetare/centre-de-cercetare/dosare-de-evaluare-centre-de-cercetare/#site-content
https://cercetare.ulbsibiu.ro/wp-content/uploads/organized-1-1.pdf,pdf,https://cercetare.ulbsibiu.ro/ro/infrastructura-de-cercetare/centre-de-cercetare/dosare-de-evaluare-centre-de-cercetare/#site-content
https://cercetare.ulbsibiu.ro/wp-content/uploads/Centrul-de-Cercetare-in-Medicina-Invaziva.pdf,pdf,https://cercetare.ulbsibiu.ro/ro/infrastructura-de-cercetare/centre-de-cercetare/dosare-de-evaluare-centre-de-cercetare/#site-content
https://cercetare.ulbsibiu.ro/wp-content/uploads/Centrul-de-Cercetare-in-Medicina-Dentara.pdf,pdf,https://cercetare.ulbsibiu.ro/ro/infrastructura-de-cercetare/centre-de-cercetare/dosare-de-evaluare-centre-de-cercetare/#site-content
https://cercetare.ulbsibiu.ro/wp-content/uploads/organized-3.pdf,pdf,https://cercetare.ulbsibiu.ro/ro/infrastructura-de-cercetare/centre-de-cercetare/dosare-de-evaluare-centre-de-cercetare/#site-content
https://hostcercetare.ulbsibiu.ro/docs/rapoarte/Proiecte/internationale/internationale_2019.pdf,pdf,https://cercetare.ulbsibiu.ro/ro/infrastructura-de-cercetare/proiecte-de-cercetare/arhiva-proiecte-de-cercetare/#site-content
https://hostcercetare.ulbsibiu.ro/docs/rapoarte/Proiecte/internationale/internationale_2018.pdf,pdf,https://cercetare.ulbsibiu.ro/ro/infrastructura-de-cercetare/proiecte-de-cercetare/arhiva-proiecte-de-cercetare/#site-content
https://hostcercetare.ulbsibiu.ro/docs/rapoarte/Proiecte/internationale/internationale_2017.pdf,pdf,https://cercetare.ulbsibiu.ro/ro/infrastructura-de-cercetare/proiecte-de-cercetare/arhiva-proiecte-de-cercetare/#site-content
https://hostcercetare.ulbsibiu.ro/docs/rapoarte/Proiecte/internationale/internationale_2016.pdf,pdf,https://cercetare.ulbsibiu.ro/ro/infrastructura-de-cercetare/proiecte-de-cercetare/arhiva-proiecte-de-cercetare/#site-content
https://hostcercetare.ulbsibiu.ro/docs/rapoarte/Proiecte/internationale/internationale_2012_2015.pdf,pdf,https://cercetare.ulbsibiu.ro/ro/infrastructura-de-cercetare/proiecte-de-cercetare/arhiva-proiecte-de-cercetare/#site-content
https://hostcercetare.ulbsibiu.ro/docs/rapoarte/Proiecte/internationale/internationale_2008_2011.pdf,pdf,https://cercetare.ulbsibiu.ro/ro/infrastructura-de-cercetare/proiecte-de-cercetare/arhiva-proiecte-de-cercetare/#site-content
https://hostcercetare.ulbsibiu.ro/docs/rapoarte/Proiecte/internationale/internationale_2004_2007.pdf,pdf,https://cercetare.ulbsibiu.ro/ro/infrastructura-de-cercetare/proiecte-de-cercetare/arhiva-proiecte-de-cercetare/#site-content
https://hostcercetare.ulbsibiu.ro/docs/rapoarte/Proiecte/nationale/nationale_2018.pdf,pdf,https://cercetare.ulbsibiu.ro/ro/infrastructura-de-cercetare/proiecte-de-cercetare/arhiva-proiecte-de-cercetare/#site-content
https://hostcercetare.ulbsibiu.ro/docs/rapoarte/Proiecte/nationale/nationale_2017.pdf,pdf,https://cercetare.ulbsibiu.ro/ro/infrastructura-de-cercetare/proiecte-de-cercetare/arhiva-proiecte-de-cercetare/#site-content
https://hostcercetare.ulbsibiu.ro/docs/rapoarte/Proiecte/nationale/nationale_2016.pdf,pdf,https://cercetare.ulbsibiu.ro/ro/infrastructura-de-cercetare/proiecte-de-cercetare/arhiva-proiecte-de-cercetare/#site-content
https://hostcercetare.ulbsibiu.ro/docs/rapoarte/Proiecte/nationale/nationale_2012_2015.pdf,pdf,https://cercetare.ulbsibiu.ro/ro/infrastructura-de-cercetare/proiecte-de-cercetare/arhiva-proiecte-de-cercetare/#site-content
https://hostcercetare.ulbsibiu.ro/docs/rapoarte/Proiecte/nationale/nationale_2008_2011.pdf,pdf,https://cercetare.ulbsibiu.ro/ro/infrastructura-de-cercetare/proiecte-de-cercetare/arhiva-proiecte-de-cercetare/#site-content
https://hostcercetare.ulbsibiu.ro/docs/rapoarte/Proiecte/terti/terti_2019.pdf,pdf,https://cercetare.ulbsibiu.ro/ro/infrastructura-de-cercetare/proiecte-de-cercetare/arhiva-proiecte-de-cercetare/#site-content
https://hostcercetare.ulbsibiu.ro/docs/rapoarte/Proiecte/terti/terti_2018.pdf,pdf,https://cercetare.ulbsibiu.ro/ro/infrastructura-de-cercetare/proiecte-de-cercetare/arhiva-proiecte-de-cercetare/#site-content
https://hostcercetare.ulbsibiu.ro/docs/rapoarte/Proiecte/terti/terti_2017.pdf,pdf,https://cercetare.ulbsibiu.ro/ro/infrastructura-de-cercetare/proiecte-de-cercetare/arhiva-proiecte-de-cercetare/#site-content
https://hostcercetare.ulbsibiu.ro/docs/rapoarte/Proiecte/terti/terti_2016.pdf,pdf,https://cercetare.ulbsibiu.ro/ro/infrastructura-de-cercetare/proiecte-de-cercetare/arhiva-proiecte-de-cercetare/#site-content
https://hostcercetare.ulbsibiu.ro/docs/rapoarte/Proiecte/terti/terti_2012_2015.pdf,pdf,https://cercetare.ulbsibiu.ro/ro/infrastructura-de-cercetare/proiecte-de-cercetare/arhiva-proiecte-de-cercetare/#site-content
https://hostcercetare.ulbsibiu.ro/docs/rapoarte/Proiecte/terti/terti_2008_2011.pdf,pdf,https://cercetare.ulbsibiu.ro/ro/infrastructura-de-cercetare/proiecte-de-cercetare/arhiva-proiecte-de-cercetare/#site-content
https://hostcercetare.ulbsibiu.ro/docs/rapoarte/Proiecte/interne/interne_2019.pdf,pdf,https://cercetare.ulbsibiu.ro/ro/infrastructura-de-cercetare/proiecte-de-cercetare/arhiva-proiecte-de-cercetare/#site-content
https://hostcercetare.ulbsibiu.ro/docs/rapoarte/Proiecte/interne/interne_2018.pdf,pdf,https://cercetare.ulbsibiu.ro/ro/infrastructura-de-cercetare/proiecte-de-cercetare/arhiva-proiecte-de-cercetare/#site-content
https://hostcercetare.ulbsibiu.ro/docs/rapoarte/Proiecte/interne/interne_2017.pdf,pdf,https://cercetare.ulbsibiu.ro/ro/infrastructura-de-cercetare/proiecte-de-cercetare/arhiva-proiecte-de-cercetare/#site-content
https://hostcercetare.ulbsibiu.ro/docs/rapoarte/Proiecte/interne/interne_2016.pdf,pdf,https://cercetare.ulbsibiu.ro/ro/infrastructura-de-cercetare/proiecte-de-cercetare/arhiva-proiecte-de-cercetare/#site-content
https://hostcercetare.ulbsibiu.ro/docs/rapoarte/Proiecte/interne/interne_2015.pdf,pdf,https://cercetare.ulbsibiu.ro/ro/infrastructura-de-cercetare/proiecte-de-cercetare/arhiva-proiecte-de-cercetare/#site-content
https://hostcercetare.ulbsibiu.ro/docs/noutati/Ordin%20MEC%20nr.61992020.pdf,pdf,https://cercetare.ulbsibiu.ro/ro/infrastructura-de-cercetare/proiecte-de-cercetare/proceduri-si-regulamente-proiecte-de-cercetare/#site-content
https://cercetare.ulbsibiu.ro/wp-content/uploads/Instructiune-de-lucru-privind-planul-de-management-al-datelor-de-cercetare.pdf,pdf,https://cercetare.ulbsibiu.ro/ro/infrastructura-de-cercetare/proiecte-de-cercetare/proceduri-si-regulamente-proiecte-de-cercetare/#site-content
https://hostcercetare.ulbsibiu.ro/doc_DCS/proceduri/PO/facilitatiFiscale.pdf,pdf,https://cercetare.ulbsibiu.ro/ro/infrastructura-de-cercetare/proiecte-de-cercetare/proceduri-si-regulamente-proiecte-de-cercetare/#site-content
https://hostcercetare.ulbsibiu.ro/doc_DCS/proceduri/PO/IL-ULBS-PCDI-301-PC_cercetare.pdf,pdf,https://cercetare.ulbsibiu.ro/ro/infrastructura-de-cercetare/proiecte-de-cercetare/proceduri-si-regulamente-proiecte-de-cercetare/#site-content
https://cercetare.ulbsibiu.ro/wp-content/uploads/Contract-de-prestari-servicii-3.docx,docx,https://cercetare.ulbsibiu.ro/ro/infrastructura-de-cercetare/proiecte-de-cercetare/proceduri-si-regulamente-proiecte-de-cercetare/#site-content
https://hostcercetare.ulbsibiu.ro/doc_DCS/proceduri/PO/IL-ULBS-PCDI-301-PC-01_personal.pdf,pdf,https://cercetare.ulbsibiu.ro/ro/infrastructura-de-cercetare/proiecte-de-cercetare/proceduri-si-regulamente-proiecte-de-cercetare/#site-content
https://hostcercetare.ulbsibiu.ro/doc_DCS/proceduri/PO/IL-ULBS-PCDI-301-PC-02_achizitii.pdf,pdf,https://cercetare.ulbsibiu.ro/ro/infrastructura-de-cercetare/proiecte-de-cercetare/proceduri-si-regulamente-proiecte-de-cercetare/#site-content
https://hostcercetare.ulbsibiu.ro/doc_DCS/proceduri/PO/IL-ULBS-PCDI-301-PC-03_deplasari.pdf,pdf,https://cercetare.ulbsibiu.ro/ro/infrastructura-de-cercetare/proiecte-de-cercetare/proceduri-si-regulamente-proiecte-de-cercetare/#site-content
https://cercetare.ulbsibiu.ro/wp-content/uploads/Instructiunea-de-lucru-pentru-stabilirea-cheltuielilor-cu-regia-in-proiectele-de-cercetare-1.pdf,pdf,https://cercetare.ulbsibiu.ro/ro/infrastructura-de-cercetare/proiecte-de-cercetare/proceduri-si-regulamente-proiecte-de-cercetare/#site-content
https://cercetare.ulbsibiu.ro/wp-content/uploads/Fisa-Propunere-Proiect-Cercetare-2.pdf,pdf,https://cercetare.ulbsibiu.ro/ro/infrastructura-de-cercetare/proiecte-de-cercetare/proceduri-si-regulamente-proiecte-de-cercetare/#site-content
https://hostcercetare.ulbsibiu.ro/doc_DCS/proceduri/PO/Acte_infiintare_ULBS.pdf,pdf,https://cercetare.ulbsibiu.ro/ro/infrastructura-de-cercetare/proiecte-de-cercetare/proceduri-si-regulamente-proiecte-de-cercetare/#site-content
https://cercetare.ulbsibiu.ro/wp-content/uploads/Carta-ULBS-2024.pdf,pdf,https://cercetare.ulbsibiu.ro/ro/infrastructura-de-cercetare/proiecte-de-cercetare/proceduri-si-regulamente-proiecte-de-cercetare/#site-content
https://ec.europa.eu/info/funding-tenders/opportunities/docs/2021-2027/horizon/wp-call/2026-2027/wp-2-marie-sklodowska-curie-actions_horizon-2026-2027_en.pdf,pdf,https://cercetare.ulbsibiu.ro/ro/proiecte-de-cercetare-apeluri-deschise/#site-content
https://ec.europa.eu/info/funding-tenders/opportunities/docs/2021-2027/horizon/wp-call/2026-2027/wp-3-research-infrastructures_horizon-2026-2027_en.pdf,pdf,https://cercetare.ulbsibiu.ro/ro/proiecte-de-cercetare-apeluri-deschise/#site-content
https://ec.europa.eu/info/funding-tenders/opportunities/docs/2021-2027/horizon/wp-call/2026-2027/wp-4-health_horizon-2026-2027_en.pdf,pdf,https://cercetare.ulbsibiu.ro/ro/proiecte-de-cercetare-apeluri-deschise/#site-content
https://ec.europa.eu/info/funding-tenders/opportunities/docs/2021-2027/horizon/wp-call/2026-2027/wp-5-culture-creativity-and-inclusive-society_horizon-2026-2027_en.pdf,pdf,https://cercetare.ulbsibiu.ro/ro/proiecte-de-cercetare-apeluri-deschise/#site-content
https://ec.europa.eu/info/funding-tenders/opportunities/docs/2021-2027/horizon/wp-call/2026-2027/wp-6-civil-security-for-society_horizon-2026-2027_en.pdf,pdf,https://cercetare.ulbsibiu.ro/ro/proiecte-de-cercetare-apeluri-deschise/#site-content
https://ec.europa.eu/info/funding-tenders/opportunities/docs/2021-2027/horizon/wp-call/2026-2027/wp-7-digital-industry-and-space_horizon-2026-2027_en.pdf,pdf,https://cercetare.ulbsibiu.ro/ro/proiecte-de-cercetare-apeluri-deschise/#site-content
https://ec.europa.eu/info/funding-tenders/opportunities/docs/2021-2027/horizon/wp-call/2026-2027/wp-8-climate-energy-and-mobility_horizon-2026-2027_en.pdf,pdf,https://cercetare.ulbsibiu.ro/ro/proiecte-de-cercetare-apeluri-deschise/#site-content
https://ec.europa.eu/info/funding-tenders/opportunities/docs/2021-2027/horizon/wp-call/2026-2027/wp-9-food-bioeconomy-natural-resources-agriculture-and-environment_horizon-2026-2027_en.pdf,pdf,https://cercetare.ulbsibiu.ro/ro/proiecte-de-cercetare-apeluri-deschise/#site-content
https://ec.europa.eu/info/funding-tenders/opportunities/docs/2021-2027/horizon/wp-call/2026-2027/wp-10-european-innovation-ecosystems_horizon-2026-2027_en.pdf,pdf,https://cercetare.ulbsibiu.ro/ro/proiecte-de-cercetare-apeluri-deschise/#site-content
https://ec.europa.eu/info/funding-tenders/opportunities/docs/2021-2027/horizon/wp-call/2026-2027/wp-11-widening-participation-and-strengthening-the-european-research-area_horizon-2026-2027_en.pdf,pdf,https://cercetare.ulbsibiu.ro/ro/proiecte-de-cercetare-apeluri-deschise/#site-content
https://ec.europa.eu/info/funding-tenders/opportunities/docs/2021-2027/horizon/wp-call/2026-2027/wp-12-missions_horizon-2026-2027_en.pdf,pdf,https://cercetare.ulbsibiu.ro/ro/proiecte-de-cercetare-apeluri-deschise/#site-content
https://ec.europa.eu/info/funding-tenders/opportunities/docs/2021-2027/horizon/wp-call/2026-2027/wp-13-new-european-bauhaus-facility_horizon-2026-2027_en.pdf,pdf,https://cercetare.ulbsibiu.ro/ro/proiecte-de-cercetare-apeluri-deschise/#site-content
https://ec.europa.eu/info/funding-tenders/opportunities/docs/2021-2027/horizon/wp-call/2026-2027/wp-14-horizontal-activities_horizon-2026-2027_en.pdf,pdf,https://cercetare.ulbsibiu.ro/ro/proiecte-de-cercetare-apeluri-deschise/#site-content
https://old.research.gov.ro/uploads/rosteu/rapoarte/raport-rosteu-2015.pdf,pdf,https://cercetare.ulbsibiu.ro/ro/linkuri-utile/#site-content
https://cercetare.ulbsibiu.ro/wp-content/uploads/Strategia-ULBS-2025-2034-2.pdf,pdf,https://cercetare.ulbsibiu.ro/ro/misiune-si-strategie/#site-content
https://www.ulbsibiu.ro/wp-content/uploads/prezentare/LOGO-ULBS_orizontal.png,png,https://www.ulbsibiu.ro/ro/media-kit/
https://www.ulbsibiu.ro/wp-content/uploads/prezentare/LOGO-ULBS_orizontal_negativ.png,png,https://www.ulbsibiu.ro/ro/media-kit/
https://www.ulbsibiu.ro/wp-content/uploads/prezentare/LOGO-ULBS_orizontal.pdf,pdf,https://www.ulbsibiu.ro/ro/media-kit/
https://www.ulbsibiu.ro/wp-content/uploads/prezentare/LOGO-ULBS_orizontal_negativ.pdf,pdf,https://www.ulbsibiu.ro/ro/media-kit/
https://www.ulbsibiu.ro/wp-content/uploads/prezentare/LOGO-ULBS_vertical.png,png,https://www.ulbsibiu.ro/ro/media-kit/
https://www.ulbsibiu.ro/wp-content/uploads/prezentare/LOGO-ULBS_vertical_negativ.png,png,https://www.ulbsibiu.ro/ro/media-kit/
https://www.ulbsibiu.ro/wp-content/uploads/prezentare/LOGO-ULBS_vertical.pdf,pdf,https://www.ulbsibiu.ro/ro/media-kit/
https://www.ulbsibiu.ro/wp-content/uploads/prezentare/LOGO-ULBS_vertical_negativ.pdf,pdf,https://www.ulbsibiu.ro/ro/media-kit/
http://teologie.ulbsibiu.ro/wp-content/uploads/2025/12/Standarde_minimale_CNATDCU_teze_doctorat_OME_3018.pdf,pdf,https://teologie.ulbsibiu.ro/documente-utile/#searchbox
http://teologie.ulbsibiu.ro/wp-content/uploads/2025/12/Regulament-SDT_2025.pdf,pdf,https://teologie.ulbsibiu.ro/documente-utile/#searchbox
http://teologie.ulbsibiu.ro/wp-content/uploads/2018/11/SDA-1-2012.pdf,pdf,https://teologie.ulbsibiu.ro/studia-doctoralia-andreiana/#searchbox
http://teologie.ulbsibiu.ro/wp-content/uploads/2021/04/1-pe-2013-cu-copeta.pdf,pdf,https://teologie.ulbsibiu.ro/studia-doctoralia-andreiana/#searchbox
http://teologie.ulbsibiu.ro/wp-content/uploads/2021/04/SAD-2-pe-2013.pdf,pdf,https://teologie.ulbsibiu.ro/studia-doctoralia-andreiana/#searchbox
http://teologie.ulbsibiu.ro/wp-content/uploads/2020/09/SAD-1-pe-2020.pdf,pdf,https://teologie.ulbsibiu.ro/studia-doctoralia-andreiana/#searchbox
http://teologie.ulbsibiu.ro/wp-content/uploads/2023/05/SDA-2-2020-final.pdf,pdf,https://teologie.ulbsibiu.ro/studia-doctoralia-andreiana/#searchbox
http://teologie.ulbsibiu.ro/wp-content/uploads/2023/05/SDA-1-2021-final.pdf,pdf,https://teologie.ulbsibiu.ro/studia-doctoralia-andreiana/#searchbox
http://teologie.ulbsibiu.ro/wp-content/uploads/2023/05/SDA-2-2021-B_C.pdf,pdf,https://teologie.ulbsibiu.ro/studia-doctoralia-andreiana/#searchbox
http://teologie.ulbsibiu.ro/wp-content/uploads/2023/05/SDA-1-2022-B_C.pdf,pdf,https://teologie.ulbsibiu.ro/studia-doctoralia-andreiana/#searchbox
http://teologie.ulbsibiu.ro/wp-content/uploads/2023/10/SDA-2-2022-final.pdf,pdf,https://teologie.ulbsibiu.ro/studia-doctoralia-andreiana/#searchbox
https://teologie.ulbsibiu.ro/wp-content/uploads/2024/11/SDA-1-2023.pdf,pdf,https://teologie.ulbsibiu.ro/studia-doctoralia-andreiana/#searchbox
https://teologie.ulbsibiu.ro/wp-content/uploads/2024/11/SDA-2-2023-BUN.pdf,pdf,https://teologie.ulbsibiu.ro/studia-doctoralia-andreiana/#searchbox
https://teologie.ulbsibiu.ro/wp-content/uploads/2024/11/SDA-1-2024-final.pdf,pdf,https://teologie.ulbsibiu.ro/studia-doctoralia-andreiana/#searchbox
http://teologie.ulbsibiu.ro/wp-content/uploads/2025/10/SDA-2_2024.pdf,pdf,https://teologie.ulbsibiu.ro/studia-doctoralia-andreiana/#searchbox
http://teologie.ulbsibiu.ro/wp-content/uploads/2020/09/programa-dogmatica-doctorat-.doc,doc,https://teologie.ulbsibiu.ro/scoala-doctorala/#searchbox
http://teologie.ulbsibiu.ro/wp-content/uploads/2025/11/CCE_Raport-de-Activitate-2020-2024.pdf,pdf,https://teologie.ulbsibiu.ro/rapoarte-3/#searchbox
http://teologie.ulbsibiu.ro/wp-content/uploads/2025/11/Raport-CENTRU-CERCETARE-TEOLOGIE-.pdf,pdf,https://teologie.ulbsibiu.ro/rapoarte-3/#searchbox
http://teologie.ulbsibiu.ro/wp-content/uploads/2025/12/Lista-cadre-didactice-academice-care-au-beneficiat-de-finantari-in-competitii-interne.pdf,pdf,https://teologie.ulbsibiu.ro/rapoarte-3/#searchbox
https://teologie.ulbsibiu.ro/wp-content/uploads/2025/11/Teme-cercetare-25-26.docx.pdf,pdf,https://teologie.ulbsibiu.ro/cercetare/#searchbox
http://teologie.ulbsibiu.ro/wp-content/uploads/2025/10/Anuarul-Academiei-teologice-„Andreiane-ortodoxe-romane-_1948-1949_wm.pdf,pdf,https://teologie.ulbsibiu.ro/cercetare/#searchbox
http://teologie.ulbsibiu.ro/wp-content/uploads/2025/10/Anuarul-Academiei-teologice-„Andreiane-ortodoxe-romane-_1946-1947_wm.pdf,pdf,https://teologie.ulbsibiu.ro/cercetare/#searchbox
http://teologie.ulbsibiu.ro/wp-content/uploads/2025/10/Anuarul-Academiei-teologice-„Andreiane-ortodoxe-romane-_1944-1945_wm.pdf,pdf,https://teologie.ulbsibiu.ro/cercetare/#searchbox
http://teologie.ulbsibiu.ro/wp-content/uploads/2025/10/Anuarul-Academiei-teologice-„Andreiane-ortodoxe-romane-_1943-1944_wm.pdf,pdf,https://teologie.ulbsibiu.ro/cercetare/#searchbox
http://teologie.ulbsibiu.ro/wp-content/uploads/2025/10/Anuarul-Academiei-teologice-„Andreiane-ortodoxe-romane-_1942-1943_wm.pdf,pdf,https://teologie.ulbsibiu.ro/cercetare/#searchbox
http://teologie.ulbsibiu.ro/wp-content/uploads/2025/10/Anuarul-Academiei-teologice-„Andreiane-ortodoxe-romane-_1941-1942_wm.pdf,pdf,https://teologie.ulbsibiu.ro/cercetare/#searchbox
http://teologie.ulbsibiu.ro/wp-content/uploads/2025/10/Anuarul-Academiei-teologice-„Andreiane-ortodoxe-romane-_1940-1941_wm.pdf,pdf,https://teologie.ulbsibiu.ro/cercetare/#searchbox
http://teologie.ulbsibiu.ro/wp-content/uploads/2025/10/Anuarul-Academiei-teologice-„Andreiane-ortodoxe-romane-_1939-1940_wm.pdf,pdf,https://teologie.ulbsibiu.ro/cercetare/#searchbox
http://teologie.ulbsibiu.ro/wp-content/uploads/2025/10/Anuarul-Academiei-teologice-„Andreiane-ortodoxe-romane-_1936-1937_wm.pdf,pdf,https://teologie.ulbsibiu.ro/cercetare/#searchbox
http://teologie.ulbsibiu.ro/wp-content/uploads/2025/10/Anuarul-Academiei-teologice-„Andreiane-ortodoxe-romane-_1935-1936_wm.pdf,pdf,https://teologie.ulbsibiu.ro/cercetare/#searchbox
http://teologie.ulbsibiu.ro/wp-content/uploads/2025/10/Anuarul-Academiei-teologice-„Andreiane-ortodoxe-romane-_1934-1935_wm.pdf,pdf,https://teologie.ulbsibiu.ro/cercetare/#searchbox
http://teologie.ulbsibiu.ro/wp-content/uploads/2025/10/Anuarul-Academiei-teologice-„Andreiane-ortodoxe-romane-_1933-1934_wm.pdf,pdf,https://teologie.ulbsibiu.ro/cercetare/#searchbox
http://teologie.ulbsibiu.ro/wp-content/uploads/2025/10/Anuarul-Academiei-teologice-„Andreiane-ortodoxe-romane-_1932-1933_wm.pdf,pdf,https://teologie.ulbsibiu.ro/cercetare/#searchbox
http://teologie.ulbsibiu.ro/wp-content/uploads/2025/10/Anuarul-Academiei-teologice-„Andreiane-ortodoxe-romane-_1931-1932_wm.pdf,pdf,https://teologie.ulbsibiu.ro/cercetare/#searchbox
http://teologie.ulbsibiu.ro/wp-content/uploads/2025/10/Anuarul-Academiei-teologice-„Andreiane-ortodoxe-romane-_1930-1931_wm.pdf,pdf,https://teologie.ulbsibiu.ro/cercetare/#searchbox
http://teologie.ulbsibiu.ro/wp-content/uploads/2025/10/Anuarul-Academiei-teologice-„Andreiane-ortodoxe-romane-_1929-1930_wm.pdf,pdf,https://teologie.ulbsibiu.ro/cercetare/#searchbox
http://teologie.ulbsibiu.ro/wp-content/uploads/2025/10/Anuarul-Academiei-teologice-„Andreiane-ortodoxe-romane-_1928-1929_wm.pdf,pdf,https://teologie.ulbsibiu.ro/cercetare/#searchbox
http://teologie.ulbsibiu.ro/wp-content/uploads/2025/10/Anuarul-Academiei-teologice-„Andreiane-ortodoxe-romane-_1926-1927_wm.pdf,pdf,https://teologie.ulbsibiu.ro/cercetare/#searchbox
http://teologie.ulbsibiu.ro/wp-content/uploads/2025/10/Anuarul-Academiei-teologice-„Andreiane-ortodoxe-romane_1925-1926_wm.pdf,pdf,https://teologie.ulbsibiu.ro/cercetare/#searchbox
http://teologie.ulbsibiu.ro/wp-content/uploads/2025/10/Anuarul-Academiei-teologice-„Andreiane-ortodoxe-romane-_1924-1925_wm.pdf,pdf,https://teologie.ulbsibiu.ro/cercetare/#searchbox
http://teologie.ulbsibiu.ro/wp-content/uploads/2025/12/CV-Grajdian.pdf,pdf,https://teologie.ulbsibiu.ro/cadre-didactice/#searchbox
http://teologie.ulbsibiu.ro/wp-content/uploads/2025/12/CV-Chifar-Nicolae.pdf,pdf,https://teologie.ulbsibiu.ro/cadre-didactice/#searchbox
http://teologie.ulbsibiu.ro/wp-content/uploads/2025/12/LL-Chifar.pdf,pdf,https://teologie.ulbsibiu.ro/cadre-didactice/#searchbox
http://teologie.ulbsibiu.ro/wp-content/uploads/2025/12/CV-Pavel-Aurel-2025.pdf,pdf,https://teologie.ulbsibiu.ro/cadre-didactice/#searchbox
http://teologie.ulbsibiu.ro/wp-content/uploads/2025/12/LL-Pavel-Aurel.pdf,pdf,https://teologie.ulbsibiu.ro/cadre-didactice/#searchbox
http://teologie.ulbsibiu.ro/wp-content/uploads/2021/02/CV-Ica-Ioan-jr-rev.doc,doc,https://teologie.ulbsibiu.ro/cadre-didactice/#searchbox
http://teologie.ulbsibiu.ro/wp-content/uploads/2025/11/CV-Ciprian-Streza.pdf,pdf,https://teologie.ulbsibiu.ro/cadre-didactice/#searchbox
http://teologie.ulbsibiu.ro/wp-content/uploads/2025/12/LL-Streza-Ciprian.pdf,pdf,https://teologie.ulbsibiu.ro/cadre-didactice/#searchbox
http://teologie.ulbsibiu.ro/wp-content/uploads/2025/11/CV-MOLDOVAN-SEBASTIAN-2025.pdf,pdf,https://teologie.ulbsibiu.ro/cadre-didactice/#searchbox
http://teologie.ulbsibiu.ro/wp-content/uploads/2025/12/LL-Moldovan-2025.pdf,pdf,https://teologie.ulbsibiu.ro/cadre-didactice/#searchbox
http://teologie.ulbsibiu.ro/wp-content/uploads/2025/11/CV-Brusanowski-2025.pdf,pdf,https://teologie.ulbsibiu.ro/cadre-didactice/#searchbox
http://teologie.ulbsibiu.ro/wp-content/uploads/2025/11/CV-Necula-C.pdf,pdf,https://teologie.ulbsibiu.ro/cadre-didactice/#searchbox
http://teologie.ulbsibiu.ro/wp-content/uploads/2025/11/CV-Europass-Marga-Irimie-2025.pdf,pdf,https://teologie.ulbsibiu.ro/cadre-didactice/#searchbox
http://teologie.ulbsibiu.ro/wp-content/uploads/2025/11/CV-Oancea.pdf,pdf,https://teologie.ulbsibiu.ro/cadre-didactice/#searchbox
http://teologie.ulbsibiu.ro/wp-content/uploads/2025/11/CV-august-2025-Pr-N-Mosoiu-Sibiu.pdf,pdf,https://teologie.ulbsibiu.ro/cadre-didactice/#searchbox
http://teologie.ulbsibiu.ro/wp-content/uploads/2025/12/LL-Mosoiu.pdf,pdf,https://teologie.ulbsibiu.ro/cadre-didactice/#searchbox
http://teologie.ulbsibiu.ro/wp-content/uploads/2025/11/CV-TOROCZKAI-2025.pdf,pdf,https://teologie.ulbsibiu.ro/cadre-didactice/#searchbox
http://teologie.ulbsibiu.ro/wp-content/uploads/2025/11/CV-Birzu.pdf,pdf,https://teologie.ulbsibiu.ro/cadre-didactice/#searchbox
http://teologie.ulbsibiu.ro/wp-content/uploads/2025/12/LL-Birzu.pdf,pdf,https://teologie.ulbsibiu.ro/cadre-didactice/#searchbox
http://teologie.ulbsibiu.ro/wp-content/uploads/2025/11/CV-Patru-Alina-2025.pdf,pdf,https://teologie.ulbsibiu.ro/cadre-didactice/#searchbox
http://teologie.ulbsibiu.ro/wp-content/uploads/2025/11/CV-IOAN-ABRUDAN-2025.pdf,pdf,https://teologie.ulbsibiu.ro/cadre-didactice/#searchbox
http://teologie.ulbsibiu.ro/wp-content/uploads/2025/11/CV-Chira-Vasile.pdf,pdf,https://teologie.ulbsibiu.ro/cadre-didactice/#searchbox
http://teologie.ulbsibiu.ro/wp-content/uploads/2025/11/CV-Daniel-Mihoc.pdf,pdf,https://teologie.ulbsibiu.ro/cadre-didactice/#searchbox
http://teologie.ulbsibiu.ro/wp-content/uploads/2025/11/CV-Dobre-Vasile-Sorin.pdf,pdf,https://teologie.ulbsibiu.ro/cadre-didactice/#searchbox
http://teologie.ulbsibiu.ro/wp-content/uploads/2025/11/CV-Dragos-Boicu-octombrie-2025.pdf,pdf,https://teologie.ulbsibiu.ro/cadre-didactice/#searchbox
http://teologie.ulbsibiu.ro/wp-content/uploads/2022/09/Anexa-11-Boicu-site.pdf,pdf,https://teologie.ulbsibiu.ro/cadre-didactice/#searchbox
http://teologie.ulbsibiu.ro/wp-content/uploads/2025/11/CV-Vaida-Cristian-2023.pdf,pdf,https://teologie.ulbsibiu.ro/cadre-didactice/#searchbox
http://teologie.ulbsibiu.ro/wp-content/uploads/2025/11/CV-Garbacea-Gheorghe-Radu-2023.pdf,pdf,https://teologie.ulbsibiu.ro/cadre-didactice/#searchbox
http://teologie.ulbsibiu.ro/wp-content/uploads/2025/11/CV-Corina-Grecu-2020.pdf,pdf,https://teologie.ulbsibiu.ro/cadre-didactice/#searchbox
http://teologie.ulbsibiu.ro/wp-content/uploads/2024/11/Alex-Marius-Crisan.pdf,pdf,https://teologie.ulbsibiu.ro/cadre-didactice/#searchbox
http://teologie.ulbsibiu.ro/wp-content/uploads/2024/11/d2-lista-lucrari-Crișan.pdf,pdf,https://teologie.ulbsibiu.ro/cadre-didactice/#searchbox
http://teologie.ulbsibiu.ro/wp-content/uploads/2020/10/CV-Tofan-Marius-1.pdf,pdf,https://teologie.ulbsibiu.ro/cadre-didactice/#searchbox
http://teologie.ulbsibiu.ro/wp-content/uploads/2025/11/CV-Iosif-Stancovici-2025-RO.pdf,pdf,https://teologie.ulbsibiu.ro/cadre-didactice/#searchbox
http://teologie.ulbsibiu.ro/wp-content/uploads/2025/12/Chestionar-privind-initiereamonitorizarea-si-revizuirea-prog-studiu-Teologie-sistematica-1.pdf,pdf,https://teologie.ulbsibiu.ro/regulamente-2/#searchbox
http://teologie.ulbsibiu.ro/wp-content/uploads/2025/12/Chestionar-privind-initiereamonitorizarea-si-revizuirea-prog-studiu-Teologie-istorica-1.pdf,pdf,https://teologie.ulbsibiu.ro/regulamente-2/#searchbox
http://teologie.ulbsibiu.ro/wp-content/uploads/2025/12/Chestionar-privind-initiereamonitorizarea-si-revizuirea-prog-studiu-Teologie-Practica-1.pdf,pdf,https://teologie.ulbsibiu.ro/regulamente-2/#searchbox
http://teologie.ulbsibiu.ro/wp-content/uploads/2025/12/Rap-eval-cadre-de-stud-24-25_sem1-1.pdf,pdf,https://teologie.ulbsibiu.ro/regulamente-2/#searchbox
http://teologie.ulbsibiu.ro/wp-content/uploads/2025/12/TRap-eval-cadre-de-stud-24-25_sem2-1.pdf,pdf,https://teologie.ulbsibiu.ro/regulamente-2/#searchbox
http://teologie.ulbsibiu.ro/wp-content/uploads/2025/12/Propuneri-pentru-imbunatatirea-activitatilor-didactice-si-de-suport-in-FTEO-1.pdf,pdf,https://teologie.ulbsibiu.ro/regulamente-2/#searchbox
http://teologie.ulbsibiu.ro/wp-content/uploads/2025/12/01-PV-Perf-educ-mTS-Sem-I-2022-23-2.pdf,pdf,https://teologie.ulbsibiu.ro/regulamente-2/#searchbox
http://teologie.ulbsibiu.ro/wp-content/uploads/2025/12/02-PV-Perf-educ-mTS-sem-II-2022-23-2.pdf,pdf,https://teologie.ulbsibiu.ro/regulamente-2/#searchbox
http://teologie.ulbsibiu.ro/wp-content/uploads/2025/12/03-PV-Perf-educ-mTS-Sem-I-2023-24-2.pdf,pdf,https://teologie.ulbsibiu.ro/regulamente-2/#searchbox
http://teologie.ulbsibiu.ro/wp-content/uploads/2025/12/04-PV-Perf-educ-mTS-Sem-II-2023-24-2.pdf,pdf,https://teologie.ulbsibiu.ro/regulamente-2/#searchbox
http://teologie.ulbsibiu.ro/wp-content/uploads/2025/12/05-PV-Perf-educ-mTS-Sem-I-2024-25-1.pdf,pdf,https://teologie.ulbsibiu.ro/regulamente-2/#searchbox
http://teologie.ulbsibiu.ro/wp-content/uploads/2025/12/06-PV-Perf-educ-mTS-Sem-II-2024-25-1.pdf,pdf,https://teologie.ulbsibiu.ro/regulamente-2/#searchbox
http://teologie.ulbsibiu.ro/wp-content/uploads/2025/12/Tabel-participare-la-Simpozioane-si-Conferinte-24-26-2.pdf,pdf,https://teologie.ulbsibiu.ro/regulamente-2/#searchbox
http://teologie.ulbsibiu.ro/wp-content/uploads/2025/12/tabel-cu-evaluatorii-cadrelor-didactice-1.pdf,pdf,https://teologie.ulbsibiu.ro/regulamente-2/#searchbox
http://teologie.ulbsibiu.ro/wp-content/uploads/2025/12/curricula-progr-de-stud-cerc-stiintif.pdf,pdf,https://teologie.ulbsibiu.ro/regulamente-2/#searchbox
http://teologie.ulbsibiu.ro/wp-content/uploads/2025/12/Protoc-incluz-educat-Arhiep-Sibiu.pdf,pdf,https://teologie.ulbsibiu.ro/regulamente-2/#searchbox
http://teologie.ulbsibiu.ro/wp-content/uploads/2025/12/protocol-de-colaborare-intre-Facultatea-de-Teologie-si-Asoc.Crucea-Albastra.pdf,pdf,https://teologie.ulbsibiu.ro/regulamente-2/#searchbox
http://teologie.ulbsibiu.ro/wp-content/uploads/2025/11/Metodologie-examene-de-licenta-si-disertatie_TEOLOGIE-decembrie-2025-.pdf,pdf,https://teologie.ulbsibiu.ro/finalizarea-studiilor/#searchbox
http://teologie.ulbsibiu.ro/wp-content/uploads/2022/04/tabel-burse-sem.-II-20212022-număr-matricol.docx,docx,https://teologie.ulbsibiu.ro/burse/#searchbox
http://teologie.ulbsibiu.ro/wp-content/uploads/2025/11/Caiet-practica-studenti-2025-2026.pdf,pdf,https://teologie.ulbsibiu.ro/practica-de-specialitate/#searchbox
http://teologie.ulbsibiu.ro/wp-content/uploads/2025/11/Regul-practica-pastorala-si-educationala-1.pdf,pdf,https://teologie.ulbsibiu.ro/practica-de-specialitate/#searchbox
http://teologie.ulbsibiu.ro/wp-content/uploads/2025/11/Ghid-Raport-de-activitate.pdf,pdf,https://teologie.ulbsibiu.ro/practica-de-specialitate/#searchbox
http://teologie.ulbsibiu.ro/wp-content/uploads/2025/11/Ghid-Referat-teoretic.pdf,pdf,https://teologie.ulbsibiu.ro/practica-de-specialitate/#searchbox
http://teologie.ulbsibiu.ro/wp-content/uploads/2025/11/Ghid-Referat-descriptiv.pdf,pdf,https://teologie.ulbsibiu.ro/practica-de-specialitate/#searchbox
http://teologie.ulbsibiu.ro/wp-content/uploads/2025/11/Jurnalul-de-practica-2023.pdf,pdf,https://teologie.ulbsibiu.ro/practica-de-specialitate/#searchbox
https://teologie.ulbsibiu.ro/wp-content/uploads/2018/10/ECTS.pdf,pdf,https://teologie.ulbsibiu.ro/sistemul-de-credite-transferabile-ects/#searchbox
http://teologie.ulbsibiu.ro/wp-content/uploads/2018/10/ECTS.pdf,pdf,https://teologie.ulbsibiu.ro/sistemul-de-credite-transferabile-ects/#searchbox
https://teologie.ulbsibiu.ro/wp-content/uploads/2024/05/12_Structura-anului-universitar-2023-2024_Senat_iunie2023.pdf,pdf,https://teologie.ulbsibiu.ro/structura-anului-universitar/#searchbox
http://teologie.ulbsibiu.ro/wp-content/uploads/2020/06/AN-I-MASTER-SISTEMATICE.docx,docx,https://teologie.ulbsibiu.ro/teologie-master/#searchbox
http://teologie.ulbsibiu.ro/wp-content/uploads/2020/06/AN-I-MASTER-ISTORICE.docx,docx,https://teologie.ulbsibiu.ro/teologie-master/#searchbox
http://teologie.ulbsibiu.ro/wp-content/uploads/2020/06/AN-II-MASTER-SISTEMATICA.pdf,pdf,https://teologie.ulbsibiu.ro/teologie-master/#searchbox
http://teologie.ulbsibiu.ro/wp-content/uploads/2020/06/AN-II-MASTER-ISTORICE.docx,docx,https://teologie.ulbsibiu.ro/teologie-master/#searchbox
http://teologie.ulbsibiu.ro/wp-content/uploads/2023/01/programare-examene-anul-I-de-studiu.pdf,pdf,https://teologie.ulbsibiu.ro/teologie-pastorala-licenta/#searchbox
http://teologie.ulbsibiu.ro/wp-content/uploads/2023/01/programare-examene-anul-II-de-studiu.pdf,pdf,https://teologie.ulbsibiu.ro/teologie-pastorala-licenta/#searchbox
http://teologie.ulbsibiu.ro/wp-content/uploads/2023/01/programare-examene-anul-III-de-studiu.pdf,pdf,https://teologie.ulbsibiu.ro/teologie-pastorala-licenta/#searchbox
http://teologie.ulbsibiu.ro/wp-content/uploads/2023/01/programare-examene-An-IV-de-studiu.pdf,pdf,https://teologie.ulbsibiu.ro/teologie-pastorala-licenta/#searchbox
https://teologie.ulbsibiu.ro/wp-content/uploads/2018/10/decalratie-autenticitate.pdf,pdf,https://teologie.ulbsibiu.ro/licenta-disertatie/#searchbox
http://teologie.ulbsibiu.ro/wp-content/uploads/2018/10/decalratie-autenticitate.pdf,pdf,https://teologie.ulbsibiu.ro/licenta-disertatie/#searchbox
https://teologie.ulbsibiu.ro/wp-content/uploads/2018/10/REFERAT-LUCRARE-LICENTA.pdf,pdf,https://teologie.ulbsibiu.ro/licenta-disertatie/#searchbox
http://teologie.ulbsibiu.ro/wp-content/uploads/2018/10/REFERAT-LUCRARE-LICENTA.pdf,pdf,https://teologie.ulbsibiu.ro/licenta-disertatie/#searchbox
http://teologie.ulbsibiu.ro/wp-content/uploads/2026/01/Subiecte-pentru-examenul-la-Teologie-Dogmatică-Ortodoxă-pentru-Licenta-Facultatea-de-Teologie-Ortodoxa-Sfantul-Andrei-Saguna-din-SIbiu.docx,docx,https://teologie.ulbsibiu.ro/licenta-disertatie/#searchbox
https://teologie.ulbsibiu.ro/wp-content/uploads/2025/02/CF_Metodologie-examene-de-licenta-si-disertatie_TEOLOGIE-decembrie-2025.pdf,pdf,https://teologie.ulbsibiu.ro/licenta-disertatie/#searchbox
http://teologie.ulbsibiu.ro/wp-content/uploads/2025/02/CF_Metodologie-examene-de-licenta-si-disertatie_TEOLOGIE-decembrie-2025.pdf,pdf,https://teologie.ulbsibiu.ro/licenta-disertatie/#searchbox
http://teologie.ulbsibiu.ro/wp-content/uploads/2024/07/Rezultate-admitere-Teologie-Ortodoxă-Pastorală.pdf,pdf,https://teologie.ulbsibiu.ro/rezultate-admitere-iulie-2024/#searchbox
http://teologie.ulbsibiu.ro/wp-content/uploads/2024/07/Rezultate-admitere-Muzică-religioasă.pdf,pdf,https://teologie.ulbsibiu.ro/rezultate-admitere-iulie-2024/#searchbox
http://teologie.ulbsibiu.ro/wp-content/uploads/2024/07/Rezultate-admitere-Teologie-Istorică.pdf,pdf,https://teologie.ulbsibiu.ro/rezultate-admitere-iulie-2024/#searchbox
http://teologie.ulbsibiu.ro/wp-content/uploads/2024/07/Rezultate-admitere-Teologie-Practică.pdf,pdf,https://teologie.ulbsibiu.ro/rezultate-admitere-iulie-2024/#searchbox
http://teologie.ulbsibiu.ro/wp-content/uploads/2024/07/Rezultate-admitere-Teologie-Sistematică.pdf,pdf,https://teologie.ulbsibiu.ro/rezultate-admitere-iulie-2024/#searchbox
http://teologie.ulbsibiu.ro/wp-content/uploads/2025/07/2025-TOP.pdf,pdf,https://teologie.ulbsibiu.ro/rezultate-admitere-iulie-2025/#searchbox
http://teologie.ulbsibiu.ro/wp-content/uploads/2025/07/2025-MTI.pdf,pdf,https://teologie.ulbsibiu.ro/rezultate-admitere-iulie-2025/#searchbox
http://teologie.ulbsibiu.ro/wp-content/uploads/2025/07/2025-MTP.pdf,pdf,https://teologie.ulbsibiu.ro/rezultate-admitere-iulie-2025/#searchbox
http://teologie.ulbsibiu.ro/wp-content/uploads/2025/07/2025-MTS.pdf,pdf,https://teologie.ulbsibiu.ro/rezultate-admitere-iulie-2025/#searchbox
https://teologie.ulbsibiu.ro/wp-content/uploads/2025/02/6_Admitere-Facultatea-de-Teologie_Senat_ian2025-i_compressed.pdf,pdf,https://teologie.ulbsibiu.ro/metodologie/#searchbox
http://teologie.ulbsibiu.ro/wp-content/uploads/2025/02/6_Admitere-Facultatea-de-Teologie_Senat_ian2025-i_compressed.pdf,pdf,https://teologie.ulbsibiu.ro/metodologie/#searchbox
http://teologie.ulbsibiu.ro/wp-content/uploads/2025/05/pliant-2025-pentru-print.pdf,pdf,https://teologie.ulbsibiu.ro/master/#searchbox
https://docs.google.com/viewerng/viewer?url=http://teologie.ulbsibiu.ro/wp-content/uploads/2020/07/Cerere-Admitere-Facultate-1.doc,doc,https://teologie.ulbsibiu.ro/master/#searchbox
http://teologie.ulbsibiu.ro/wp-content/uploads/2025/11/Suplim-dipl-MTP-2021.pdf,pdf,https://teologie.ulbsibiu.ro/programe/master/#searchbox
https://teologie.ulbsibiu.ro/wp-content/uploads/2025/10/ANC_7927-7928_Universitatea-Lucian-Blaga-Sibiu.pdf,pdf,https://teologie.ulbsibiu.ro/programe/master/#searchbox
https://teologie.ulbsibiu.ro/wp-content/uploads/2025/10/ANC_4539_Universitatea-Lucian-Blaga-Sibiu.pdf,pdf,https://teologie.ulbsibiu.ro/programe/master/#searchbox
http://teologie.ulbsibiu.ro/wp-content/uploads/2025/12/Acord-de-parteneriat-1553-24.11.25-CJRAE-FACULTATEA-DE-TEOLOGIE-ANDREI-ȘAGUNA-SIBIU-1.pdf,pdf,https://teologie.ulbsibiu.ro/parteneriate/#searchbox
http://teologie.ulbsibiu.ro/wp-content/uploads/2025/11/2025-Acord-parteneriat-intre-Facultate-si-colegiul-Octavian-Goga.pdf,pdf,https://teologie.ulbsibiu.ro/parteneriate/#searchbox
http://teologie.ulbsibiu.ro/wp-content/uploads/2025/11/2025-Protocol-de-colaborare-Facultate_Diakonie.pdf,pdf,https://teologie.ulbsibiu.ro/parteneriate/#searchbox
http://teologie.ulbsibiu.ro/wp-content/uploads/2025/11/2025-Protocol-de-colaborare-intre-Facultatea-de-Teologie-si-Asoc.Crucea-Albastra.pdf,pdf,https://teologie.ulbsibiu.ro/parteneriate/#searchbox
http://teologie.ulbsibiu.ro/wp-content/uploads/2025/11/2024-Parteneriat-ISJ-Oct-Goga-etc.pdf,pdf,https://teologie.ulbsibiu.ro/parteneriate/#searchbox
http://teologie.ulbsibiu.ro/wp-content/uploads/2025/11/2024-Protoc-incluz-educat-Arhiep-Sibiu.pdf,pdf,https://teologie.ulbsibiu.ro/parteneriate/#searchbox
http://teologie.ulbsibiu.ro/wp-content/uploads/2025/11/2017-2018-Conventie-pentru-practica-studentilor-Diakoniewerk.pdf,pdf,https://teologie.ulbsibiu.ro/parteneriate/#searchbox
http://teologie.ulbsibiu.ro/wp-content/uploads/2025/11/2014-Conventie-pentru-practica-studentilor_Prichindelul.pdf,pdf,https://teologie.ulbsibiu.ro/parteneriate/#searchbox
http://teologie.ulbsibiu.ro/wp-content/uploads/2025/11/Lista-acordurilor-Erasmus-2015-2016.pdf,pdf,https://teologie.ulbsibiu.ro/parteneriate/#searchbox
http://teologie.ulbsibiu.ro/wp-content/uploads/2025/11/Acorduri-de-parteneriat_TEOLOGIE.pdf,pdf,https://teologie.ulbsibiu.ro/parteneriate/#searchbox
http://teologie.ulbsibiu.ro/wp-content/uploads/2025/11/2013_Договор-с-Университетом-Сибиу_2.pdf,pdf,https://teologie.ulbsibiu.ro/parteneriate/#searchbox
http://teologie.ulbsibiu.ro/wp-content/uploads/2025/11/Tempus-application-form.pdf,pdf,https://teologie.ulbsibiu.ro/parteneriate/#searchbox
http://teologie.ulbsibiu.ro/wp-content/uploads/2025/11/2013-Parteneriat.-incondeiat-oua.-2013.pdf,pdf,https://teologie.ulbsibiu.ro/parteneriate/#searchbox
http://teologie.ulbsibiu.ro/wp-content/uploads/2025/11/2009-Acte-SFI.pdf,pdf,https://teologie.ulbsibiu.ro/parteneriate/#searchbox
http://teologie.ulbsibiu.ro/wp-content/uploads/2025/11/2013-acord-univ-moldova.pdf,pdf,https://teologie.ulbsibiu.ro/parteneriate/#searchbox
http://teologie.ulbsibiu.ro/wp-content/uploads/2025/11/55283_creating_a_new_educational_paradigm_for_the_healing_professions_planning_phase.pdf,pdf,https://teologie.ulbsibiu.ro/parteneriate/#searchbox
http://teologie.ulbsibiu.ro/wp-content/uploads/2025/11/Coelgiul-National-al-Asistentilor-Sociali.pdf,pdf,https://teologie.ulbsibiu.ro/parteneriate/#searchbox
http://teologie.ulbsibiu.ro/wp-content/uploads/2025/11/Coelgiul-National-al-Asistentilor-Sociali-1.pdf,pdf,https://teologie.ulbsibiu.ro/parteneriate/#searchbox
http://teologie.ulbsibiu.ro/wp-content/uploads/2025/11/Diakoniewerk.pdf,pdf,https://teologie.ulbsibiu.ro/parteneriate/#searchbox
http://teologie.ulbsibiu.ro/wp-content/uploads/2025/11/Inima-pentru-inima.pdf,pdf,https://teologie.ulbsibiu.ro/parteneriate/#searchbox
http://teologie.ulbsibiu.ro/wp-content/uploads/2025/11/Lettre-Aurel-Pavel.pdf,pdf,https://teologie.ulbsibiu.ro/parteneriate/#searchbox
http://teologie.ulbsibiu.ro/wp-content/uploads/2025/11/LLP-ERASMUS.pdf,pdf,https://teologie.ulbsibiu.ro/parteneriate/#searchbox
http://teologie.ulbsibiu.ro/wp-content/uploads/2025/11/parteneriat-casa-corpului-didactic.pdf,pdf,https://teologie.ulbsibiu.ro/parteneriate/#searchbox
http://teologie.ulbsibiu.ro/wp-content/uploads/2025/11/PARTENERIAT-Colegiul-National-Pedagogic-1.pdf,pdf,https://teologie.ulbsibiu.ro/parteneriate/#searchbox
http://teologie.ulbsibiu.ro/wp-content/uploads/2025/11/PARTENERIAT-Colegiul-National-Pedagogic-.pdf,pdf,https://teologie.ulbsibiu.ro/parteneriate/#searchbox
http://teologie.ulbsibiu.ro/wp-content/uploads/2025/11/Parteneriat.-Noica.-2012-2013.-pg-3.pdf,pdf,https://teologie.ulbsibiu.ro/parteneriate/#searchbox
http://teologie.ulbsibiu.ro/wp-content/uploads/2025/11/Parteneriat.AstraMuseum-Facultate.2013.pdf,pdf,https://teologie.ulbsibiu.ro/parteneriate/#searchbox
http://teologie.ulbsibiu.ro/wp-content/uploads/2025/11/Proiect-Bologna-Cuomo.pdf,pdf,https://teologie.ulbsibiu.ro/parteneriate/#searchbox
http://teologie.ulbsibiu.ro/wp-content/uploads/2025/11/protocol-colaborare-sino-christian.pdf,pdf,https://teologie.ulbsibiu.ro/parteneriate/#searchbox
http://teologie.ulbsibiu.ro/wp-content/uploads/2025/11/Protocol.Colaborare.1.pdf,pdf,https://teologie.ulbsibiu.ro/parteneriate/#searchbox
http://teologie.ulbsibiu.ro/wp-content/uploads/2025/11/Protocol.Colaborare.2.pdf,pdf,https://teologie.ulbsibiu.ro/parteneriate/#searchbox
http://teologie.ulbsibiu.ro/wp-content/uploads/2025/11/Research-topics.pdf,pdf,https://teologie.ulbsibiu.ro/parteneriate/#searchbox
http://teologie.ulbsibiu.ro/wp-content/uploads/2025/11/Minutes-St-Filaret-Meeting-13.06.2014.pdf,pdf,https://teologie.ulbsibiu.ro/parteneriate/#searchbox
http://teologie.ulbsibiu.ro/wp-content/uploads/2025/11/Cooperation-Agreement.pdf,pdf,https://teologie.ulbsibiu.ro/parteneriate/#searchbox
http://teologie.ulbsibiu.ro/wp-content/uploads/2025/11/ANEXA-19-parteneriate.pdf,pdf,https://teologie.ulbsibiu.ro/parteneriate/#searchbox
http://teologie.ulbsibiu.ro/wp-content/uploads/2025/11/Preocupari-de-cercetare.pdf,pdf,https://teologie.ulbsibiu.ro/parteneriate/#searchbox
http://teologie.ulbsibiu.ro/wp-content/uploads/2025/11/St-Filaret-Moscow-Cooperation-Agreement_ENG.pdf,pdf,https://teologie.ulbsibiu.ro/parteneriate/#searchbox
http://teologie.ulbsibiu.ro/wp-content/uploads/2025/11/2013.10.21_Инф.-письмо-Конференции-п-о-катехизации-2014-Eng-final.pdf,pdf,https://teologie.ulbsibiu.ro/parteneriate/#searchbox
http://teologie.ulbsibiu.ro/wp-content/uploads/2025/11/Partnership-agreement-SFI-with-faculties_three-languages-FINAL.pdf,pdf,https://teologie.ulbsibiu.ro/parteneriate/#searchbox
http://teologie.ulbsibiu.ro/wp-content/uploads/2025/11/acord-univ-moldova.pdf,pdf,https://teologie.ulbsibiu.ro/parteneriate/#searchbox
http://teologie.ulbsibiu.ro/wp-content/uploads/2025/11/Anexa-B.1.15.b.-Conventie-Liceul-Goga.pdf,pdf,https://teologie.ulbsibiu.ro/parteneriate/#searchbox
http://teologie.ulbsibiu.ro/wp-content/uploads/2025/11/Anexa-B.1.15.c.-Asociatia-Sf.-Nicolae.pdf,pdf,https://teologie.ulbsibiu.ro/parteneriate/#searchbox
http://teologie.ulbsibiu.ro/wp-content/uploads/2025/11/Anexa-B.1.15.d.-Conventie-Diakoniewerk.pdf,pdf,https://teologie.ulbsibiu.ro/parteneriate/#searchbox
http://teologie.ulbsibiu.ro/wp-content/uploads/2025/11/Parteneriat.-incondeiat-oua.-2013.pdf,pdf,https://teologie.ulbsibiu.ro/parteneriate/#searchbox
http://teologie.ulbsibiu.ro/wp-content/uploads/2025/11/Protocol-Biblioteca-Astra.pdf,pdf,https://teologie.ulbsibiu.ro/parteneriate/#searchbox
http://teologie.ulbsibiu.ro/wp-content/uploads/2025/11/Protocol-cu-HTS.pdf,pdf,https://teologie.ulbsibiu.ro/parteneriate/#searchbox
http://teologie.ulbsibiu.ro/wp-content/uploads/2025/11/Protocol-cu-Oxford-Center-for-Mission-Studies.pdf,pdf,https://teologie.ulbsibiu.ro/parteneriate/#searchbox
http://teologie.ulbsibiu.ro/wp-content/uploads/2025/11/Protocol-FTEO-Biblioteca-Deva.pdf,pdf,https://teologie.ulbsibiu.ro/parteneriate/#searchbox
http://teologie.ulbsibiu.ro/wp-content/uploads/2025/11/Partnership-agreement-SFI-with-faculties_three-languages-FINAL-1.pdf,pdf,https://teologie.ulbsibiu.ro/parteneriate/#searchbox
http://teologie.ulbsibiu.ro/wp-content/uploads/2025/11/Lista-acordurilor-Erasmus-2015-2016-1.pdf,pdf,https://teologie.ulbsibiu.ro/parteneriate/#searchbox
http://teologie.ulbsibiu.ro/wp-content/uploads/2025/11/Acorduri-de-parteneriat_TEOLOGIE-1.pdf,pdf,https://teologie.ulbsibiu.ro/parteneriate/#searchbox
http://teologie.ulbsibiu.ro/wp-content/uploads/2025/11/Anexa-B.1.15.e.-Conventie-Papageno.pdf,pdf,https://teologie.ulbsibiu.ro/parteneriate/#searchbox
http://teologie.ulbsibiu.ro/wp-content/uploads/2025/11/Anexa-B.1.15.f.-Conventie-Soborul-Sf.-Arhangheli.pdf,pdf,https://teologie.ulbsibiu.ro/parteneriate/#searchbox
http://teologie.ulbsibiu.ro/wp-content/uploads/2025/11/Anexa-B.1.15.g.-Conventie-Centru-copii.pdf,pdf,https://teologie.ulbsibiu.ro/parteneriate/#searchbox
http://teologie.ulbsibiu.ro/wp-content/uploads/2025/09/1-CV-Oancea-C.pdf,pdf,https://teologie.ulbsibiu.ro/conducerea/#searchbox
http://teologie.ulbsibiu.ro/wp-content/uploads/2025/04/Raport-Decan-Teologie-2025.pdf,pdf,https://teologie.ulbsibiu.ro/conducerea/#searchbox
http://teologie.ulbsibiu.ro/wp-content/uploads/2025/09/1-Lista-publicatii_Oancea-Constantin-Horia.pdf,pdf,https://teologie.ulbsibiu.ro/conducerea/#searchbox
http://teologie.ulbsibiu.ro/wp-content/uploads/2025/11/CV-Boicu-Dragos-2025.pdf,pdf,https://teologie.ulbsibiu.ro/conducerea/#searchbox
http://teologie.ulbsibiu.ro/wp-content/uploads/2025/12/e2-lista-lucrari-Boicu.pdf,pdf,https://teologie.ulbsibiu.ro/conducerea/#searchbox
http://teologie.ulbsibiu.ro/wp-content/uploads/2025/11/HOT-CF-03.07.2025.pdf,pdf,https://teologie.ulbsibiu.ro/conducerea/#searchbox
http://teologie.ulbsibiu.ro/wp-content/uploads/2025/11/HOT-CF-23.06.2025.pdf,pdf,https://teologie.ulbsibiu.ro/conducerea/#searchbox
http://teologie.ulbsibiu.ro/wp-content/uploads/2025/11/HOT-CF-16.05.2025.pdf,pdf,https://teologie.ulbsibiu.ro/conducerea/#searchbox
http://teologie.ulbsibiu.ro/wp-content/uploads/2025/11/HOT-CF-07.05.2025.pdf,pdf,https://teologie.ulbsibiu.ro/conducerea/#searchbox
http://teologie.ulbsibiu.ro/wp-content/uploads/2025/11/HOT-CF-26.03.2025.pdf,pdf,https://teologie.ulbsibiu.ro/conducerea/#searchbox
http://teologie.ulbsibiu.ro/wp-content/uploads/2025/11/HOT-CF-12.03.2025.pdf,pdf,https://teologie.ulbsibiu.ro/conducerea/#searchbox
http://teologie.ulbsibiu.ro/wp-content/uploads/2025/11/HOT-CF-03.03.2025.pdf,pdf,https://teologie.ulbsibiu.ro/conducerea/#searchbox
http://teologie.ulbsibiu.ro/wp-content/uploads/2025/11/HOT-CF-17.02.2025.pdf,pdf,https://teologie.ulbsibiu.ro/conducerea/#searchbox
http://teologie.ulbsibiu.ro/wp-content/uploads/2025/11/HOT-CF-20.12.2024.pdf,pdf,https://teologie.ulbsibiu.ro/conducerea/#searchbox
http://teologie.ulbsibiu.ro/wp-content/uploads/2025/11/HOT-CF-29.11.2024.pdf,pdf,https://teologie.ulbsibiu.ro/conducerea/#searchbox
http://teologie.ulbsibiu.ro/wp-content/uploads/2025/11/HOT-CF-25.10.2024.pdf,pdf,https://teologie.ulbsibiu.ro/conducerea/#searchbox
http://teologie.ulbsibiu.ro/wp-content/uploads/2025/11/HOT-CF-17.10.2024.pdf,pdf,https://teologie.ulbsibiu.ro/conducerea/#searchbox
http://teologie.ulbsibiu.ro/wp-content/uploads/2025/11/HOT-CF-08.10.2024.pdf,pdf,https://teologie.ulbsibiu.ro/conducerea/#searchbox
http://teologie.ulbsibiu.ro/wp-content/uploads/2025/11/HOT-CF-23.09.2024.pdf,pdf,https://teologie.ulbsibiu.ro/conducerea/#searchbox
http://teologie.ulbsibiu.ro/wp-content/uploads/2025/11/HOT-CF-12.09.2024.pdf,pdf,https://teologie.ulbsibiu.ro/conducerea/#searchbox
https://senat.ulbsibiu.ro/wp-content/uploads/041225/admitere/Criterii%20Admitere%202026%20Teologie.pdf,pdf,https://admitere.ulbsibiu.ro/articol/78/faculty-of-theology
https://admitere.ulbsibiu.ro/resources/front/img/ulbs/en/Ghid-admitere.pdf,pdf,https://admitere.ulbsibiu.ro/limba/en
https://admitere.ulbsibiu.ro/resources/front/img/ulbs/en/Ghid-Confirmare-loc.pdf,pdf,https://admitere.ulbsibiu.ro/limba/en
https://admitere.ulbsibiu.ro/media/Calendar-admitere-2020.pdf,pdf,https://admitere.ulbsibiu.ro/articol/92/arhiva-admitere-2020
https://admitere.ulbsibiu.ro/media/1_Regulament%20de%20organizare%20si%20desfasurare%20a%20concursului%20de%20Admitere%20si%20Addendum_Senat_mai2020.pdf,pdf,https://admitere.ulbsibiu.ro/articol/92/arhiva-admitere-2020
https://admitere.ulbsibiu.ro/media/1_Addendum%20Regulament%20admitere%202020-2021_Senat_mai2020.pdf,pdf,https://admitere.ulbsibiu.ro/articol/92/arhiva-admitere-2020
https://admitere.ulbsibiu.ro/media/Aviz%20recomandari.pdf,pdf,https://admitere.ulbsibiu.ro/articol/92/arhiva-admitere-2020
https://www.ulbsibiu.ro/wp-content/uploads/documents/ca/2020/Anexa-5_Hotararea-1-a-CCA-din-10.07.2020.pdf,pdf,https://admitere.ulbsibiu.ro/articol/92/arhiva-admitere-2020
https://www.ulbsibiu.ro/wp-content/uploads/documents/ca/2020/Anexa-D_Hotararea-2-a-Comisiei-Centrale-de-Admitere.pdf,pdf,https://admitere.ulbsibiu.ro/articol/92/arhiva-admitere-2020
https://www.ulbsibiu.ro/wp-content/uploads/documents/ca/2020/Anexa_6_Hotarare_Comisia_Centrala_Admitere_3_24.07.2020.pdf,pdf,https://admitere.ulbsibiu.ro/articol/92/arhiva-admitere-2020
https://www.ulbsibiu.ro/wp-content/uploads/documents/ca/2020/Anexa_2_Hotararea-4-Comisia-Centrala-de-Admitere-din-31.07.2020.pdf,pdf,https://admitere.ulbsibiu.ro/articol/92/arhiva-admitere-2020
https://admitere.ulbsibiu.ro/media/Hotarare_CCA_NR.5_11.09.2020.pdf,pdf,https://admitere.ulbsibiu.ro/articol/92/arhiva-admitere-2020
http://admitere.ulbsibiu.ro/media/HCCA_6_18.09.2020.pdf,pdf,https://admitere.ulbsibiu.ro/articol/92/arhiva-admitere-2020
http://admitere.ulbsibiu.ro/media/Hotararea_CCC_nr.7_25.09.2020.pdf,pdf,https://admitere.ulbsibiu.ro/articol/92/arhiva-admitere-2020
https://admitere.ulbsibiu.ro/media/Locuri_licenta_admitere_septembrie_2020.pdf,pdf,https://admitere.ulbsibiu.ro/articol/92/arhiva-admitere-2020
https://admitere.ulbsibiu.ro/media/Locuri_master_admitere_septembrie_2020.pdf,pdf,https://admitere.ulbsibiu.ro/articol/92/arhiva-admitere-2020
https://admitere.ulbsibiu.ro/media/Locuri LIC 2020.pdf,pdf,https://admitere.ulbsibiu.ro/articol/92/arhiva-admitere-2020
https://admitere.ulbsibiu.ro/media/Locuri MAS 2020.pdf,pdf,https://admitere.ulbsibiu.ro/articol/92/arhiva-admitere-2020
https://admitere.ulbsibiu.ro/media/Anexa%202%20Cerere%20de%20inscriere%202020-2021.pdf,pdf,https://admitere.ulbsibiu.ro/articol/92/arhiva-admitere-2020
https://admitere.ulbsibiu.ro/media/Locuri categorii speciale.pdf,pdf,https://admitere.ulbsibiu.ro/articol/92/arhiva-admitere-2020
https://admitere.ulbsibiu.ro/media/Facultatea%20de%20Teologie_Criterii%20specifice.2020.pdf,pdf,https://admitere.ulbsibiu.ro/articol/92/arhiva-admitere-2020
https://admitere.ulbsibiu.ro/media/Facultatea de Drept_Criterii specifice 2020.pdf,pdf,https://admitere.ulbsibiu.ro/articol/92/arhiva-admitere-2020
https://admitere.ulbsibiu.ro/media/Facultatea%20de%20Litere_Criterii%20specifice-2020.pdf,pdf,https://admitere.ulbsibiu.ro/articol/92/arhiva-admitere-2020
https://admitere.ulbsibiu.ro/media/Facultatea%20de%20Inginerie_Criterii%20specifice%202020.pdf,pdf,https://admitere.ulbsibiu.ro/articol/92/arhiva-admitere-2020
https://admitere.ulbsibiu.ro/media/Facultatea%20de%20Stiinte%20Socio_Umane_Criterii%20specifice%202020.pdf,pdf,https://admitere.ulbsibiu.ro/articol/92/arhiva-admitere-2020
https://admitere.ulbsibiu.ro/media/Facultatea%20de%20Stiinte_Criterii%20specifice%202020.pdf,pdf,https://admitere.ulbsibiu.ro/articol/92/arhiva-admitere-2020
https://admitere.ulbsibiu.ro/media/Facultatea%20de%20Medicina_Criterii%20specifice%202020.pdf,pdf,https://admitere.ulbsibiu.ro/articol/92/arhiva-admitere-2020
https://admitere.ulbsibiu.ro/media/Facultatea%20de%20SAIAPM_Criterii%20specifice%202020.pdf,pdf,https://admitere.ulbsibiu.ro/articol/92/arhiva-admitere-2020
https://admitere.ulbsibiu.ro/media/Facultatea%20de%20SAIAPM_Addendum%20Criterii%20specifice.pdf,pdf,https://admitere.ulbsibiu.ro/articol/92/arhiva-admitere-2020
https://admitere.ulbsibiu.ro/media/Facultatea de Stiinte Economice_Criterii specifice 2020.pdf,pdf,https://admitere.ulbsibiu.ro/articol/92/arhiva-admitere-2020
https://admitere.ulbsibiu.ro/media/Cuantumul-taxei-de-scolarizare-in-lei-anul-I_Anexa-1.pdf,pdf,https://admitere.ulbsibiu.ro/articol/92/arhiva-admitere-2020
https://admitere.ulbsibiu.ro/media/Cuantumul-taxelor-de-scolarizare-in-valuta_Anexa-3.pdf,pdf,https://admitere.ulbsibiu.ro/articol/92/arhiva-admitere-2020
http://dga.ulbsibiu.ro/wp-content/uploads/2020/06/CALENDAR-CAZARE-2020-2021.pdf,pdf,https://admitere.ulbsibiu.ro/articol/92/arhiva-admitere-2020
https://admitere.ulbsibiu.ro/media/2021/4_Calendar Admitere_Senat_martie2021.pdf,pdf,https://admitere.ulbsibiu.ro/articol/105/arhiva-admitere-2021
https://admitere.ulbsibiu.ro/media/2021/3_Regulament Admitere_Senat_martie2021.pdf,pdf,https://admitere.ulbsibiu.ro/articol/105/arhiva-admitere-2021
http://admitere.ulbsibiu.ro/media/2021/HCCA nr. 1 din 07.07.2021.pdf,pdf,https://admitere.ulbsibiu.ro/articol/105/arhiva-admitere-2021
http://admitere.ulbsibiu.ro/media/2021/HCCA_2_16.07.2021.pdf,pdf,https://admitere.ulbsibiu.ro/articol/105/arhiva-admitere-2021
http://admitere.ulbsibiu.ro/media/2021/HCCA_03_23.07.21.pdf,pdf,https://admitere.ulbsibiu.ro/articol/105/arhiva-admitere-2021
http://admitere.ulbsibiu.ro/media/2021/HCCA_nr.4_20.07.2021.pdf,pdf,https://admitere.ulbsibiu.ro/articol/105/arhiva-admitere-2021
http://admitere.ulbsibiu.ro/media/2021/HCCA_5_02.09.2021.pdf,pdf,https://admitere.ulbsibiu.ro/articol/105/arhiva-admitere-2021
http://admitere.ulbsibiu.ro/media/2021/HCCA_6_08.09.2021.pdf,pdf,https://admitere.ulbsibiu.ro/articol/105/arhiva-admitere-2021
http://admitere.ulbsibiu.ro/media/2021/HCCA_7_20.09.2021.pdf,pdf,https://admitere.ulbsibiu.ro/articol/105/arhiva-admitere-2021
http://admitere.ulbsibiu.ro/media/2021/HCCA_08 din 24.09.2021.pdf,pdf,https://admitere.ulbsibiu.ro/articol/105/arhiva-admitere-2021
https://admitere.ulbsibiu.ro/media/2021/Anexa_1_Locuri_licenta_septembrie_2021.pdf,pdf,https://admitere.ulbsibiu.ro/articol/105/arhiva-admitere-2021
https://admitere.ulbsibiu.ro/media/2021/Anexa_2_Locuri_master_septembrie_2021.pdf,pdf,https://admitere.ulbsibiu.ro/articol/105/arhiva-admitere-2021
https://admitere.ulbsibiu.ro/media/2021/5_Admitere Teologie_Senat_martie2021.pdf,pdf,https://admitere.ulbsibiu.ro/articol/105/arhiva-admitere-2021
https://admitere.ulbsibiu.ro/media/2021/5_Admitere%20Drept_Senat_martie2021.pdf,pdf,https://admitere.ulbsibiu.ro/articol/105/arhiva-admitere-2021
https://admitere.ulbsibiu.ro/media/2021/5_Admitere%20Litere_Senat_martie2021.pdf,pdf,https://admitere.ulbsibiu.ro/articol/105/arhiva-admitere-2021
https://admitere.ulbsibiu.ro/media/2021/5_Admitere Inginerie_Senat_martie2021.pdf,pdf,https://admitere.ulbsibiu.ro/articol/105/arhiva-admitere-2021
https://admitere.ulbsibiu.ro/media/2021/34_Criterii%20admitere_FSSU%20modificat_Senat_iunie2021.pdf,pdf,https://admitere.ulbsibiu.ro/articol/105/arhiva-admitere-2021
https://admitere.ulbsibiu.ro/media/2021/5_Admitere Stiinte_Senat_martie2021.pdf,pdf,https://admitere.ulbsibiu.ro/articol/105/arhiva-admitere-2021
https://admitere.ulbsibiu.ro/media/2021/5_Admitere%20Medicina_Senat_martie2021.pdf,pdf,https://admitere.ulbsibiu.ro/articol/105/arhiva-admitere-2021
https://admitere.ulbsibiu.ro/media/2021/5_Admitere%20SAIAPM_Senat_martie2021.pdf,pdf,https://admitere.ulbsibiu.ro/articol/105/arhiva-admitere-2021
https://admitere.ulbsibiu.ro/media/2021/5_Admitere%20Economice_Senat_martie2021.pdf,pdf,https://admitere.ulbsibiu.ro/articol/105/arhiva-admitere-2021
http://admitere.ulbsibiu.ro/media/2021/Procedura de inscriere la DPPD.pdf,pdf,https://admitere.ulbsibiu.ro/articol/105/arhiva-admitere-2021
https://admitere.ulbsibiu.ro/media/2022/11_Calendarul%20Admiterii%202022_Senat_feb2022.pdf,pdf,https://admitere.ulbsibiu.ro/articol/107/arhiva-admitere-2022
https://admitere.ulbsibiu.ro/media/2022/Calendar_Teologie.pdf,pdf,https://admitere.ulbsibiu.ro/articol/107/arhiva-admitere-2022
https://admitere.ulbsibiu.ro/media/2022/Calendar_Drept.pdf,pdf,https://admitere.ulbsibiu.ro/articol/107/arhiva-admitere-2022
https://admitere.ulbsibiu.ro/media/2022/Calendar_Litere.pdf,pdf,https://admitere.ulbsibiu.ro/articol/107/arhiva-admitere-2022
https://admitere.ulbsibiu.ro/media/2022/Calendar_Inginerie.pdf,pdf,https://admitere.ulbsibiu.ro/articol/107/arhiva-admitere-2022
https://admitere.ulbsibiu.ro/media/2022/Calendar_Socio-Umane.pdf,pdf,https://admitere.ulbsibiu.ro/articol/107/arhiva-admitere-2022
https://admitere.ulbsibiu.ro/media/2022/Calendar_Stiinte.pdf,pdf,https://admitere.ulbsibiu.ro/articol/107/arhiva-admitere-2022
https://admitere.ulbsibiu.ro/media/2022/Calendar_Medicina.pdf,pdf,https://admitere.ulbsibiu.ro/articol/107/arhiva-admitere-2022
https://admitere.ulbsibiu.ro/media/2022/Calendar_SAIAPM.pdf,pdf,https://admitere.ulbsibiu.ro/articol/107/arhiva-admitere-2022
https://admitere.ulbsibiu.ro/media/2022/Calendar_Economice.pdf,pdf,https://admitere.ulbsibiu.ro/articol/107/arhiva-admitere-2022
https://admitere.ulbsibiu.ro/media/2022/10_Regulament ADMITERE 2022_Senat_feb2022.pdf,pdf,https://admitere.ulbsibiu.ro/articol/107/arhiva-admitere-2022
https://admitere.ulbsibiu.ro/media/2022/HCCA nr. 1 07.07.2022.pdf,pdf,https://admitere.ulbsibiu.ro/articol/107/arhiva-admitere-2022
https://admitere.ulbsibiu.ro/media/2022/Hotararea 2 din 14.07.2022.pdf,pdf,https://admitere.ulbsibiu.ro/articol/107/arhiva-admitere-2022
https://admitere.ulbsibiu.ro/media/2022/HCCA nr.3_2.07.2022.pdf,pdf,https://admitere.ulbsibiu.ro/articol/107/arhiva-admitere-2022
https://admitere.ulbsibiu.ro/media/2022/HCCA nr 4_28.07.2022.pdf,pdf,https://admitere.ulbsibiu.ro/articol/107/arhiva-admitere-2022
https://admitere.ulbsibiu.ro/media/2022/HCCA nr. 5_09.09.2022.pdf,pdf,https://admitere.ulbsibiu.ro/articol/107/arhiva-admitere-2022
https://admitere.ulbsibiu.ro/media/2022/HCCA nr. 6_16.09.2022.pdf,pdf,https://admitere.ulbsibiu.ro/articol/107/arhiva-admitere-2022
https://admitere.ulbsibiu.ro/media/2022/HCCA nr. 7_23.09.2022.pdf,pdf,https://admitere.ulbsibiu.ro/articol/107/arhiva-admitere-2022
https://admitere.ulbsibiu.ro/media/2022/HCCA nr.8_23.09.2022.pdf.jpg,jpg,https://admitere.ulbsibiu.ro/articol/107/arhiva-admitere-2022
https://admitere.ulbsibiu.ro/media/2022/HCCA nr 9_06.10.2022.pdf,pdf,https://admitere.ulbsibiu.ro/articol/107/arhiva-admitere-2022
https://admitere.ulbsibiu.ro/media/2022/Repartizare_CIFRE_admitere licenta_2022.pdf,pdf,https://admitere.ulbsibiu.ro/articol/107/arhiva-admitere-2022
https://admitere.ulbsibiu.ro/media/2022/Repartizare_CIFRE_admitere masterat_2022.pdf,pdf,https://admitere.ulbsibiu.ro/articol/107/arhiva-admitere-2022
https://admitere.ulbsibiu.ro/media/2022/Locuri_scoase_la concurs_septembrie_2022_LICENTA.pdf,pdf,https://admitere.ulbsibiu.ro/articol/107/arhiva-admitere-2022
https://admitere.ulbsibiu.ro/media/2022/Locuri_scoase_la concurs_septembrie_2022_MASTER.pdf,pdf,https://admitere.ulbsibiu.ro/articol/107/arhiva-admitere-2022
https://admitere.ulbsibiu.ro/media/2022/Criterii_Teologie.pdf,pdf,https://admitere.ulbsibiu.ro/articol/107/arhiva-admitere-2022
https://admitere.ulbsibiu.ro/media/2022/Criterii_Drept.pdf,pdf,https://admitere.ulbsibiu.ro/articol/107/arhiva-admitere-2022
https://admitere.ulbsibiu.ro/media/2022/Criterii_Litere.pdf,pdf,https://admitere.ulbsibiu.ro/articol/107/arhiva-admitere-2022
https://admitere.ulbsibiu.ro/media/2022/Criterii_Inginerie.pdf,pdf,https://admitere.ulbsibiu.ro/articol/107/arhiva-admitere-2022
https://admitere.ulbsibiu.ro/media/2022/Criterii_Socio-Umane.pdf,pdf,https://admitere.ulbsibiu.ro/articol/107/arhiva-admitere-2022
https://admitere.ulbsibiu.ro/media/2022/Criterii_Stiinte.pdf,pdf,https://admitere.ulbsibiu.ro/articol/107/arhiva-admitere-2022
https://admitere.ulbsibiu.ro/media/2022/Criterii_Medicina.pdf,pdf,https://admitere.ulbsibiu.ro/articol/107/arhiva-admitere-2022
https://admitere.ulbsibiu.ro/media/2022/Criterii_SAIAPM.pdf,pdf,https://admitere.ulbsibiu.ro/articol/107/arhiva-admitere-2022
http://admitere.ulbsibiu.ro/media/2022/Criterii_Economice.pdf,pdf,https://admitere.ulbsibiu.ro/articol/107/arhiva-admitere-2022
http://admitere.ulbsibiu.ro/media/2022/Calendar_Economice.pdf,pdf,https://admitere.ulbsibiu.ro/articol/107/arhiva-admitere-2022
https://senat.ulbsibiu.ro/wp-content/uploads/300522/4_Cuantumul%20taxelor%20de%20scolarizare_Senat_mai2022.pdf,pdf,https://admitere.ulbsibiu.ro/articol/107/arhiva-admitere-2022
https://admitere.ulbsibiu.ro/media/2022/cerere-restituire-taxa-2022.doc,doc,https://admitere.ulbsibiu.ro/articol/107/arhiva-admitere-2022
https://admitere.ulbsibiu.ro/media/2023/Calendar%20admitere%20final%20semnat.pdf,pdf,https://admitere.ulbsibiu.ro/articol/110/arhiva-admitere-2023
https://senat.ulbsibiu.ro/wp-content/uploads/260123/6_Regulament%20admitere%202023-2024_Senat_ian2023.pdf,pdf,https://admitere.ulbsibiu.ro/articol/110/arhiva-admitere-2023
https://admitere.ulbsibiu.ro/media/2023/HCCA%20nr.1%20din%2005.07.2023.pdf,pdf,https://admitere.ulbsibiu.ro/articol/110/arhiva-admitere-2023
https://admitere.ulbsibiu.ro/media/2023/HCCA%20nr.2%20din%2013.07.2023.pdf,pdf,https://admitere.ulbsibiu.ro/articol/110/arhiva-admitere-2023
https://admitere.ulbsibiu.ro/media/2023/HCCA%20nr.3%20din%2020.07.2023.pdf,pdf,https://admitere.ulbsibiu.ro/articol/110/arhiva-admitere-2023
https://admitere.ulbsibiu.ro/media/2023/HCCA%20nr.4%20din%2027.07.2023.pdf,pdf,https://admitere.ulbsibiu.ro/articol/110/arhiva-admitere-2023
https://admitere.ulbsibiu.ro/media/2023/HCCA%20nr.5%20din%2007.09.2023.pdf,pdf,https://admitere.ulbsibiu.ro/articol/110/arhiva-admitere-2023
https://admitere.ulbsibiu.ro/media/2023/HCCA%20nr.6%20din%2013.09.2023.pdf,pdf,https://admitere.ulbsibiu.ro/articol/110/arhiva-admitere-2023
https://admitere.ulbsibiu.ro/media/2023/HCCA%20nr.7%20din%2020.09.2023.pdf,pdf,https://admitere.ulbsibiu.ro/articol/110/arhiva-admitere-2023
https://admitere.ulbsibiu.ro/media/2023/HCCA%20nr.8%20din%2027.09.2023.pdf,pdf,https://admitere.ulbsibiu.ro/articol/110/arhiva-admitere-2023
https://admitere.ulbsibiu.ro/media/2023/Licenta.pdf,pdf,https://admitere.ulbsibiu.ro/articol/110/arhiva-admitere-2023
https://admitere.ulbsibiu.ro/media/2023/Masterat.pdf,pdf,https://admitere.ulbsibiu.ro/articol/110/arhiva-admitere-2023
https://admitere.ulbsibiu.ro/media/2023/Licenta%20septembrie.pdf,pdf,https://admitere.ulbsibiu.ro/articol/110/arhiva-admitere-2023
https://admitere.ulbsibiu.ro/media/2023/Masterat%20septembrie.pdf,pdf,https://admitere.ulbsibiu.ro/articol/110/arhiva-admitere-2023
https://admitere.ulbsibiu.ro/media/2023/Anexa%202%20Cerere%20de%20inscriere%202023-2024.pdf,pdf,https://admitere.ulbsibiu.ro/articol/110/arhiva-admitere-2023
https://senat.ulbsibiu.ro/wp-content/uploads/260123/6_Criterii%20admitere%20Teologie_Senat_ian2023.pdf,pdf,https://admitere.ulbsibiu.ro/articol/110/arhiva-admitere-2023
https://admitere.ulbsibiu.ro/media/2023/FD_Conditii_Admitere.pdf,pdf,https://admitere.ulbsibiu.ro/articol/110/arhiva-admitere-2023
https://admitere.ulbsibiu.ro/media/2023/FD_Calendar_Admitere_Master.pdf,pdf,https://admitere.ulbsibiu.ro/articol/110/arhiva-admitere-2023
https://senat.ulbsibiu.ro/wp-content/uploads/260123/6_Criterii%20admitere%20Litere_Senat_ian2023.pdf,pdf,https://admitere.ulbsibiu.ro/articol/110/arhiva-admitere-2023
https://senat.ulbsibiu.ro/wp-content/uploads/260123/6_Criterii%20admitere%20Inginerie_Senat_ian2023.pdf,pdf,https://admitere.ulbsibiu.ro/articol/110/arhiva-admitere-2023
https://admitere.ulbsibiu.ro/media/2023/Criterii%20admitere%20SSU.pdf,pdf,https://admitere.ulbsibiu.ro/articol/110/arhiva-admitere-2023
https://senat.ulbsibiu.ro/wp-content/uploads/260123/6_Criterii%20admitere%20Stiinte_Senat_ian2023.pdf,pdf,https://admitere.ulbsibiu.ro/articol/110/arhiva-admitere-2023
https://senat.ulbsibiu.ro/wp-content/uploads/260123/6_Criterii%20admitere%20Medicina_Senat_ian2023.pdf,pdf,https://admitere.ulbsibiu.ro/articol/110/arhiva-admitere-2023
https://senat.ulbsibiu.ro/wp-content/uploads/260123/6_Criterii%20admitere%20SAIAPM_Senat_ian2023.pdf,pdf,https://admitere.ulbsibiu.ro/articol/110/arhiva-admitere-2023
https://senat.ulbsibiu.ro/wp-content/uploads/260123/6_Criterii%20admitere%20Economice_Senat_ian2023.pdf,pdf,https://admitere.ulbsibiu.ro/articol/110/arhiva-admitere-2023
https://admitere.ulbsibiu.ro/media/2023/cerere-restituire-taxa.doc,doc,https://admitere.ulbsibiu.ro/articol/110/arhiva-admitere-2023
https://admitere.ulbsibiu.ro/media/2024/calendar.pdf,pdf,https://admitere.ulbsibiu.ro/articol/111/arhiva-admitere-2024
https://senat.ulbsibiu.ro/wp-content/uploads/050324/6_Regulament%20admitere_Senat_martie2024.pdf,pdf,https://admitere.ulbsibiu.ro/articol/111/arhiva-admitere-2024
https://admitere.ulbsibiu.ro/media/2024/HCCA nr. 1 din 13.06.2024.pdf,pdf,https://admitere.ulbsibiu.ro/articol/111/arhiva-admitere-2024
https://admitere.ulbsibiu.ro/media/2024/HCCA nr. 2 din 27.06.2024.pdf,pdf,https://admitere.ulbsibiu.ro/articol/111/arhiva-admitere-2024
https://admitere.ulbsibiu.ro/media/2024/HCCA nr. 3 din 04.07.2024.pdf,pdf,https://admitere.ulbsibiu.ro/articol/111/arhiva-admitere-2024
https://admitere.ulbsibiu.ro/media/2024/HCCA nr. 4 din 11.07.2024.pdf,pdf,https://admitere.ulbsibiu.ro/articol/111/arhiva-admitere-2024
https://admitere.ulbsibiu.ro/media/2024/HCCA nr. 5 din 19.07.2024.pdf,pdf,https://admitere.ulbsibiu.ro/articol/111/arhiva-admitere-2024
https://admitere.ulbsibiu.ro/media/2024/HCCA nr. 6 din 24.07.2024.pdf,pdf,https://admitere.ulbsibiu.ro/articol/111/arhiva-admitere-2024
https://admitere.ulbsibiu.ro/media/2024/HCCA nr. 7 din 01.08.2024.pdf,pdf,https://admitere.ulbsibiu.ro/articol/111/arhiva-admitere-2024
https://admitere.ulbsibiu.ro/media/2024/HCCA nr. 8 din 05.09.2024.pdf,pdf,https://admitere.ulbsibiu.ro/articol/111/arhiva-admitere-2024
https://admitere.ulbsibiu.ro/media/2024/HCCA nr. 9 din 12.09.2024.pdf,pdf,https://admitere.ulbsibiu.ro/articol/111/arhiva-admitere-2024
https://admitere.ulbsibiu.ro/media/2024/HCCA nr. 10 din 19.09.2024.pdf,pdf,https://admitere.ulbsibiu.ro/articol/111/arhiva-admitere-2024
https://admitere.ulbsibiu.ro/media/2024/HCCA nr. 11 din 25.09.2024.pdf,pdf,https://admitere.ulbsibiu.ro/articol/111/arhiva-admitere-2024
https://senat.ulbsibiu.ro/wp-content/uploads/060624/11_Repartizarea%20locurilor%20admitere%20_Senat_iunie2024.pdf,pdf,https://admitere.ulbsibiu.ro/articol/111/arhiva-admitere-2024
https://admitere.ulbsibiu.ro/media/2024/Locuri_scoase_la_concurs_LICENTA_septembrie_2024.pdf,pdf,https://admitere.ulbsibiu.ro/articol/111/arhiva-admitere-2024
https://admitere.ulbsibiu.ro/media/2024/Locuri_scoase_la_concurs_MASTER_septembrie_2024.pdf,pdf,https://admitere.ulbsibiu.ro/articol/111/arhiva-admitere-2024
https://senat.ulbsibiu.ro/wp-content/uploads/050324/7_Criterii%20admitere_Teologie_Senat_martie2024.pdf,pdf,https://admitere.ulbsibiu.ro/articol/111/arhiva-admitere-2024
https://senat.ulbsibiu.ro/wp-content/uploads/050324/7_Criterii%20admitere%20Drept_Senat_martie2024.pdf,pdf,https://admitere.ulbsibiu.ro/articol/111/arhiva-admitere-2024
https://senat.ulbsibiu.ro/wp-content/uploads/050324/7_Criterii%20admitere_Litere_Senat_martie2024.pdf,pdf,https://admitere.ulbsibiu.ro/articol/111/arhiva-admitere-2024
https://senat.ulbsibiu.ro/wp-content/uploads/050324/7_Criterii%20admitere%20Inginerie_Senat_martie2024.pdf,pdf,https://admitere.ulbsibiu.ro/articol/111/arhiva-admitere-2024
https://senat.ulbsibiu.ro/wp-content/uploads/050324/7_Criterii%20admitere%20Socio%20Umane_Senat_martie2024.pdf,pdf,https://admitere.ulbsibiu.ro/articol/111/arhiva-admitere-2024
https://senat.ulbsibiu.ro/wp-content/uploads/050324/7_Criterii%20admitere_Stiinte_Senat_martie2024.pdf,pdf,https://admitere.ulbsibiu.ro/articol/111/arhiva-admitere-2024
https://senat.ulbsibiu.ro/wp-content/uploads/050324/7_Criterii%20admitere_Medicina_Senat_martie2024.pdf,pdf,https://admitere.ulbsibiu.ro/articol/111/arhiva-admitere-2024
https://senat.ulbsibiu.ro/wp-content/uploads/050324/7_Criterii%20admitere_SAIAPM_Senat_martie2024.pdf,pdf,https://admitere.ulbsibiu.ro/articol/111/arhiva-admitere-2024
https://senat.ulbsibiu.ro/wp-content/uploads/050324/7_Criterii%20%20admitere_Economice_Senat__martie2024.pdf,pdf,https://admitere.ulbsibiu.ro/articol/111/arhiva-admitere-2024
https://senat.ulbsibiu.ro/wp-content/uploads/050324/7_Criterii%20admitere_IOSUD_Senat_martie2024.pdf,pdf,https://admitere.ulbsibiu.ro/articol/111/arhiva-admitere-2024
https://admitere.ulbsibiu.ro/media/2025/ULBS_Calendar_admitere_coloane_2025.pdf,pdf,https://admitere.ulbsibiu.ro/articol/113/arhiva-admitere-2025
https://admitere.ulbsibiu.ro/media/2025/ULBS_Calendar%20descriptiv_%20admitere%202025.pdf,pdf,https://admitere.ulbsibiu.ro/articol/113/arhiva-admitere-2025
https://admitere.ulbsibiu.ro/media/2025/Drept_Calendar%20descriptiv_%20admitere%202025.pdf,pdf,https://admitere.ulbsibiu.ro/articol/113/arhiva-admitere-2025
https://admitere.ulbsibiu.ro/media/2025/Inginerie_Calendar%20descriptiv_%20admitere%202025.pdf,pdf,https://admitere.ulbsibiu.ro/articol/113/arhiva-admitere-2025
https://admitere.ulbsibiu.ro/media/2025/Litere%20si%20Arte_Calendar%20descriptiv_%20admitere%202025.pdf,pdf,https://admitere.ulbsibiu.ro/articol/113/arhiva-admitere-2025
https://admitere.ulbsibiu.ro/media/2025/Medicina_Calendar%20descriptiv_%20admitere%202025.pdf,pdf,https://admitere.ulbsibiu.ro/articol/113/arhiva-admitere-2025
https://admitere.ulbsibiu.ro/media/2025/SAIAPM_Calendar%20descriptiv_%20admitere%202025.pdf,pdf,https://admitere.ulbsibiu.ro/articol/113/arhiva-admitere-2025
https://admitere.ulbsibiu.ro/media/2025/Stiinte%20Economice_Calendar%20descriptiv_%20admitere%202025.pdf,pdf,https://admitere.ulbsibiu.ro/articol/113/arhiva-admitere-2025
https://admitere.ulbsibiu.ro/media/2025/Stiinte%20Socio_Umane_Calendar%20descriptiv_admitere%202025.pdf,pdf,https://admitere.ulbsibiu.ro/articol/113/arhiva-admitere-2025
https://admitere.ulbsibiu.ro/media/2025/Stiinte_Calendar%20descriptiv_%20admitere%202025.pdf,pdf,https://admitere.ulbsibiu.ro/articol/113/arhiva-admitere-2025
https://admitere.ulbsibiu.ro/media/2025/Teologie_Calendar%20descriptiv_%20admitere%202025.pdf,pdf,https://admitere.ulbsibiu.ro/articol/113/arhiva-admitere-2025
https://senat.ulbsibiu.ro/wp-content/uploads/300125/5_Regulament%20Admitere%202025-2026_Senat_ian2025.pdf,pdf,https://admitere.ulbsibiu.ro/articol/113/arhiva-admitere-2025
https://senat.ulbsibiu.ro/wp-content/uploads/290525/2_Cifre%20de%20scolarizare%20admitere%202025_Senat_mai2025.pdf,pdf,https://admitere.ulbsibiu.ro/articol/113/arhiva-admitere-2025
https://admitere.ulbsibiu.ro/media/2025/Locuri_toamna_2025.pdf,pdf,https://admitere.ulbsibiu.ro/articol/113/arhiva-admitere-2025
https://admitere.ulbsibiu.ro/media/2025/HCCA nr. 1 din 07.05.2025.pdf,pdf,https://admitere.ulbsibiu.ro/articol/113/arhiva-admitere-2025
https://admitere.ulbsibiu.ro/media/2025/HCCA nr. 2 din 19.06.2025.pdf,pdf,https://admitere.ulbsibiu.ro/articol/113/arhiva-admitere-2025
https://admitere.ulbsibiu.ro/media/2025/HCCA nr. 3 din 02.07.2025.pdf,pdf,https://admitere.ulbsibiu.ro/articol/113/arhiva-admitere-2025
https://admitere.ulbsibiu.ro/media/2025/HCCA nr. 4 din 10.07.2025.pdf,pdf,https://admitere.ulbsibiu.ro/articol/113/arhiva-admitere-2025
https://admitere.ulbsibiu.ro/media/2025/HCCA nr. 5 din 16.07.2025.pdf,pdf,https://admitere.ulbsibiu.ro/articol/113/arhiva-admitere-2025
https://admitere.ulbsibiu.ro/media/2025/HCCA nr. 6 din 23.07.2025.pdf,pdf,https://admitere.ulbsibiu.ro/articol/113/arhiva-admitere-2025
https://admitere.ulbsibiu.ro/media/2025/HCCA nr. 7 din 25.07.2025.pdf,pdf,https://admitere.ulbsibiu.ro/articol/113/arhiva-admitere-2025
https://admitere.ulbsibiu.ro/media/2025/HCCA nr. 8 din 31.07.2025.pdf,pdf,https://admitere.ulbsibiu.ro/articol/113/arhiva-admitere-2025
https://admitere.ulbsibiu.ro/media/2025/HCCA nr. 9 din 04.09.2025.pdf,pdf,https://admitere.ulbsibiu.ro/articol/113/arhiva-admitere-2025
https://admitere.ulbsibiu.ro/media/2025/HCCA nr. 10 din 11.09.2025.pdf,pdf,https://admitere.ulbsibiu.ro/articol/113/arhiva-admitere-2025
https://admitere.ulbsibiu.ro/media/2025/HCCA nr. 11 din 18.09.2025.pdf,pdf,https://admitere.ulbsibiu.ro/articol/113/arhiva-admitere-2025
https://admitere.ulbsibiu.ro/media/2025/HCCA nr. 12 din 23.09.2025.pdf,pdf,https://admitere.ulbsibiu.ro/articol/113/arhiva-admitere-2025
https://senat.ulbsibiu.ro/wp-content/uploads/300125/6_Admitere%20Facultatea%20de%20Teologie_Senat_ian2025.pdf,pdf,https://admitere.ulbsibiu.ro/articol/113/arhiva-admitere-2025
https://senat.ulbsibiu.ro/wp-content/uploads/300125/6_Admitere%20Facultatea%20de%20Drept.pdf,pdf,https://admitere.ulbsibiu.ro/articol/113/arhiva-admitere-2025
https://senat.ulbsibiu.ro/wp-content/uploads/300125/6_Admitere%20Facultatea%20de%20%20Litere%20si%20Arte_Senat_ian2025.pdf,pdf,https://admitere.ulbsibiu.ro/articol/113/arhiva-admitere-2025
https://senat.ulbsibiu.ro/wp-content/uploads/300125/6_Admitere%20Facultatea%20de%20Inginerie_Senat_ian2025.pdf,pdf,https://admitere.ulbsibiu.ro/articol/113/arhiva-admitere-2025
https://senat.ulbsibiu.ro/wp-content/uploads/300125/6_Admitere%20Facultatea%20Stiinte%20Socio-Umane_Senat_ian2025.pdf,pdf,https://admitere.ulbsibiu.ro/articol/113/arhiva-admitere-2025
https://senat.ulbsibiu.ro/wp-content/uploads/300125/6_Admitere%20Facultatea%20de%20Stiinte_Senat_ian2025.pdf,pdf,https://admitere.ulbsibiu.ro/articol/113/arhiva-admitere-2025
https://senat.ulbsibiu.ro/wp-content/uploads/300125/6_Admitere%20Facultatea%20de%20Medicina_Senat_ian2025.pdf,pdf,https://admitere.ulbsibiu.ro/articol/113/arhiva-admitere-2025
https://senat.ulbsibiu.ro/wp-content/uploads/300125/6_Adnitere%20Facultatea%20SAIAPM_Senat_ian2025.pdf,pdf,https://admitere.ulbsibiu.ro/articol/113/arhiva-admitere-2025
https://senat.ulbsibiu.ro/wp-content/uploads/300125/6_Admitere%20Facultatea%20de%20Stiinte%20Economice_Senat_ian2025.pdf,pdf,https://admitere.ulbsibiu.ro/articol/113/arhiva-admitere-2025
https://admitere.ulbsibiu.ro/media/2026/acte.png,png,https://admitere.ulbsibiu.ro/articol/68/ce-acte-imi-sunt-necesare-
https://admitere.ulbsibiu.ro/resources/front/img/ulbs/Ghid-Confirmare-loc.pdf,pdf,https://admitere.ulbsibiu.ro/articol/72/cum-confirm-locul-ocupat
https://senat.ulbsibiu.ro/wp-content/uploads/270325/7_Taxele%20de%20scolarizare%202025-206_Senat_martie2025.pdf,pdf,https://admitere.ulbsibiu.ro/articol/69/cum-si-ce-taxe-trebuie-sa-platesc-
https://admitere.ulbsibiu.ro/resources/front/img/ulbs/Ghid-admitere.pdf,pdf,https://admitere.ulbsibiu.ro/articol/89/cum-utilizez-platforma-de-admitere-online-
https://admitere.ulbsibiu.ro/media/2026/Lista%20diplome%202026.pdf,pdf,https://admitere.ulbsibiu.ro/articol/100/international-students
https://admitere.ulbsibiu.ro/media/2026/CPV_Application form 2026-2027- pt loc taxa in valuta.pdf,pdf,https://admitere.ulbsibiu.ro/articol/100/international-students
http://admitere.ulbsibiu.ro/media/2026/CPV_Application form 2026-2027 - pt loc taxa in valuta.docx,docx,https://admitere.ulbsibiu.ro/articol/100/international-students
https://senat.ulbsibiu.ro/wp-content/uploads/041225/4_Regulament%20admitere%20studii%20universitare%20de%20doctorat%202026-2027_Senat_dec2025.pdf,pdf,https://admitere.ulbsibiu.ro/articol/97/institutul-de-studii-universitare-de-doctorat
https://senat.ulbsibiu.ro/wp-content/uploads/041225/admitere/Criterii%20specifice%20Stiinte%20Economice%20Admitere%202026-27.pdf,pdf,https://admitere.ulbsibiu.ro/articol/86/facultatea-de-tiine-economice
https://senat.ulbsibiu.ro/wp-content/uploads/041225/admitere/Criterii%20de%20admitere%20SAIAPM.pdf,pdf,https://admitere.ulbsibiu.ro/articol/85/facultatea-de-stiinte-agricole-industrie-alimentara-si-protectia-mediului
https://senat.ulbsibiu.ro/wp-content/uploads/041225/admitere/Criterii admitere_Medicina_modificat_26 iulie_2026.pdf,pdf,https://admitere.ulbsibiu.ro/articol/84/facultatea-de-medicina
https://senat.ulbsibiu.ro/wp-content/uploads/041225/admitere/Criterii%20specifice%20Admitere%20Stiinte.pdf,pdf,https://admitere.ulbsibiu.ro/articol/83/facultatea-de-stiinte
https://senat.ulbsibiu.ro/wp-content/uploads/041225/admitere/Criterii%20admitere%202026_Socio-Umane.pdf,pdf,https://admitere.ulbsibiu.ro/articol/81/facultatea-de-stiinte-socio-umane
https://senat.ulbsibiu.ro/wp-content/uploads/041225/admitere/Criterii%20de%20admitere%20si%20conditii%20specifice_Inginerie.pdf,pdf,https://admitere.ulbsibiu.ro/articol/82/facultatea-de-inginerie
https://senat.ulbsibiu.ro/wp-content/uploads/041225/admitere/Criterii%20specifice_Litere.pdf,pdf,https://admitere.ulbsibiu.ro/articol/80/facultatea-de-litere-i-arte
https://senat.ulbsibiu.ro/wp-content/uploads/041225/admitere/Criterii%20specifice%20Admitere_Drept.pdf,pdf,https://admitere.ulbsibiu.ro/articol/79/facultatea-de-drept
https://senat.ulbsibiu.ro/wp-content/uploads/041225/admitere/Calendar%20admitere%20Licenta%202026-IF+ID_Drept.pdf,pdf,https://admitere.ulbsibiu.ro/articol/62/calendar
https://senat.ulbsibiu.ro/wp-content/uploads/041225/admitere/Calendar%20Masterat%20IF%20+IFR%202026-2027_Drept.pdf,pdf,https://admitere.ulbsibiu.ro/articol/62/calendar
https://senat.ulbsibiu.ro/wp-content/uploads/041225/admitere/Calendarul%20concursului%20de%20admitere%20Inginerie.pdf,pdf,https://admitere.ulbsibiu.ro/articol/62/calendar
https://senat.ulbsibiu.ro/wp-content/uploads/041225/admitere/Calendar%20admitere%20licenta%20FLA%20final.pdf,pdf,https://admitere.ulbsibiu.ro/articol/62/calendar
https://senat.ulbsibiu.ro/wp-content/uploads/041225/admitere/Calendar%20admitere%20masterat%202026_Litere.pdf,pdf,https://admitere.ulbsibiu.ro/articol/62/calendar
https://senat.ulbsibiu.ro/wp-content/uploads/041225/admitere/Calendar%20admitere_Medicina_modificat_26%20iulie_2026.pdf,pdf,https://admitere.ulbsibiu.ro/articol/62/calendar
https://senat.ulbsibiu.ro/wp-content/uploads/041225/admitere/Calendar%20admitere%202026_2027_SAIAPM.pdf,pdf,https://admitere.ulbsibiu.ro/articol/62/calendar
https://senat.ulbsibiu.ro/wp-content/uploads/041225/admitere/Calendar%20Stiinte%20Economice%20Admitere%202026-27.pdf,pdf,https://admitere.ulbsibiu.ro/articol/62/calendar
https://senat.ulbsibiu.ro/wp-content/uploads/041225/admitere/Calendar%20Admitere%202026_%20Socio-Umane.pdf,pdf,https://admitere.ulbsibiu.ro/articol/62/calendar
https://senat.ulbsibiu.ro/wp-content/uploads/041225/admitere/Calendar_Admitere-licenta-2026_2027_Stiinte.pdf,pdf,https://admitere.ulbsibiu.ro/articol/62/calendar
https://senat.ulbsibiu.ro/wp-content/uploads/041225/admitere/Calendar_Admitere-master-2026_2027_Stiinte.pdf,pdf,https://admitere.ulbsibiu.ro/articol/62/calendar
https://senat.ulbsibiu.ro/wp-content/uploads/041225/admitere/Calendar%20Admitere%202026%20Teologie.pdf,pdf,https://admitere.ulbsibiu.ro/articol/62/calendar
https://www.ulbsibiu.ro/wp-content/uploads/documents/generale/Raport-CNFIS-FDI-2020-0207_semnat.pdf,pdf,https://www.ulbsibiu.ro/ro/despre/rapoarte-si-studii/
https://www.ulbsibiu.ro/wp-content/uploads/documents/generale/Raport-CNFIS-FDI-2020-0210_semnat.pdf,pdf,https://www.ulbsibiu.ro/ro/despre/rapoarte-si-studii/
https://www.ulbsibiu.ro/wp-content/uploads/documents/generale/Raport-CNFIS-FDI-2020-0430_semnat.pdf,pdf,https://www.ulbsibiu.ro/ro/despre/rapoarte-si-studii/
https://www.ulbsibiu.ro/wp-content/uploads/documents/generale/Raport-CNFIS-FDI-2020-0485_semnat.pdf,pdf,https://www.ulbsibiu.ro/ro/despre/rapoarte-si-studii/
https://www.ulbsibiu.ro/wp-content/uploads/documents/generale/Raport-CNFIS-FDI-2020-0487_semnat.pdf,pdf,https://www.ulbsibiu.ro/ro/despre/rapoarte-si-studii/
https://www.ulbsibiu.ro/wp-content/uploads/documents/generale/Raport-CNFIS-FDI-2020-0531_semnat.pdf,pdf,https://www.ulbsibiu.ro/ro/despre/rapoarte-si-studii/
https://www.ulbsibiu.ro/wp-content/uploads/documents/generale/Raport_final_CNFIS-FDI-2021-0027.pdf,pdf,https://www.ulbsibiu.ro/ro/despre/rapoarte-si-studii/
https://www.ulbsibiu.ro/wp-content/uploads/documents/generale/Raport_final_CNFIS-FDI-2021-0030.pdf,pdf,https://www.ulbsibiu.ro/ro/despre/rapoarte-si-studii/
https://www.ulbsibiu.ro/wp-content/uploads/documents/generale/Raport_final_CNFIS-FDI-2021-0097.pdf,pdf,https://www.ulbsibiu.ro/ro/despre/rapoarte-si-studii/
https://www.ulbsibiu.ro/wp-content/uploads/documents/generale/Raport_final_CNFIS-FDI-2021-0105.pdf,pdf,https://www.ulbsibiu.ro/ro/despre/rapoarte-si-studii/
https://www.ulbsibiu.ro/wp-content/uploads/documents/generale/Raport_final_CNFIS-FDI-2021-0117.pdf,pdf,https://www.ulbsibiu.ro/ro/despre/rapoarte-si-studii/
https://www.ulbsibiu.ro/wp-content/uploads/documents/generale/Raport_final_CNFIS-FDI-2021-0135.pdf,pdf,https://www.ulbsibiu.ro/ro/despre/rapoarte-si-studii/
https://www.ulbsibiu.ro/wp-content/uploads/documents/generale/rapoarte/Raport_final-CNFIS-FDI-2022-0139.pdf,pdf,https://www.ulbsibiu.ro/ro/despre/rapoarte-si-studii/
https://www.ulbsibiu.ro/wp-content/uploads/documents/generale/rapoarte/Raport_final-CNFIS-FDI-2022-0169.pdf,pdf,https://www.ulbsibiu.ro/ro/despre/rapoarte-si-studii/
https://www.ulbsibiu.ro/wp-content/uploads/documents/generale/rapoarte/Raport_final-CNFIS-FDI-2022-0232.pdf,pdf,https://www.ulbsibiu.ro/ro/despre/rapoarte-si-studii/
https://www.ulbsibiu.ro/wp-content/uploads/documents/generale/rapoarte/Raport_final-CNFIS-FDI-2022-0256.pdf,pdf,https://www.ulbsibiu.ro/ro/despre/rapoarte-si-studii/
https://www.ulbsibiu.ro/wp-content/uploads/documents/generale/rapoarte/Raport_final-CNFIS-FDI-2022-0279.pdf,pdf,https://www.ulbsibiu.ro/ro/despre/rapoarte-si-studii/
https://www.ulbsibiu.ro/wp-content/uploads/documents/generale/rapoarte/Raport_final-CNFIS-FDI-2022-0337.pdf,pdf,https://www.ulbsibiu.ro/ro/despre/rapoarte-si-studii/
https://www.ulbsibiu.ro/wp-content/uploads/documents/generale/rapoarte/Raport_final-CNFIS-FDI-2022-0637.pdf,pdf,https://www.ulbsibiu.ro/ro/despre/rapoarte-si-studii/
https://www.ulbsibiu.ro/wp-content/uploads/documents/generale/rapoarte/Raport_final-CNFIS-FDI-2023-F-0115.pdf,pdf,https://www.ulbsibiu.ro/ro/despre/rapoarte-si-studii/
https://www.ulbsibiu.ro/wp-content/uploads/documents/generale/rapoarte/Raport_final-CNFIS-FDI-2023-F-0163.pdf,pdf,https://www.ulbsibiu.ro/ro/despre/rapoarte-si-studii/
https://www.ulbsibiu.ro/wp-content/uploads/documents/generale/rapoarte/Raport_final-CNFIS-FDI-2023-F-0222.pdf,pdf,https://www.ulbsibiu.ro/ro/despre/rapoarte-si-studii/
https://www.ulbsibiu.ro/wp-content/uploads/documents/generale/rapoarte/Raport_final-CNFIS-FDI-2023-F-0228.pdf,pdf,https://www.ulbsibiu.ro/ro/despre/rapoarte-si-studii/
https://www.ulbsibiu.ro/wp-content/uploads/documents/generale/rapoarte/Raport_final-CNFIS-FDI-2023-F-0328.pdf,pdf,https://www.ulbsibiu.ro/ro/despre/rapoarte-si-studii/
https://www.ulbsibiu.ro/wp-content/uploads/documents/generale/rapoarte/Raport_final-CNFIS-FDI-2023-F-0408.pdf,pdf,https://www.ulbsibiu.ro/ro/despre/rapoarte-si-studii/
https://www.ulbsibiu.ro/wp-content/uploads/documents/generale/rapoarte/Raport_final-CNFIS-FDI-2023-F-0381.pdf,pdf,https://www.ulbsibiu.ro/ro/despre/rapoarte-si-studii/
https://www.ulbsibiu.ro/wp-content/uploads/documents/generale/rapoarte/RAPORT_FINAL_CNFIS-FDI-2024-F-0256.pdf,pdf,https://www.ulbsibiu.ro/ro/despre/rapoarte-si-studii/
https://www.ulbsibiu.ro/wp-content/uploads/documents/generale/rapoarte/RAPORT_FINAL_CNFIS-FDI-2024_F_0090.pdf,pdf,https://www.ulbsibiu.ro/ro/despre/rapoarte-si-studii/
https://www.ulbsibiu.ro/wp-content/uploads/documents/generale/rapoarte/RAPORT_FINAL_CNFIS-FDI-2024-F-0434.pdf,pdf,https://www.ulbsibiu.ro/ro/despre/rapoarte-si-studii/
https://www.ulbsibiu.ro/wp-content/uploads/documents/generale/rapoarte/RAPORT_FINAL_CNFIS-FDI-2024_F_0454.pdf,pdf,https://www.ulbsibiu.ro/ro/despre/rapoarte-si-studii/
https://www.ulbsibiu.ro/wp-content/uploads/documents/generale/rapoarte/RAPORT-FINAL_CNFIS-FDI-2024-F-0528.pdf,pdf,https://www.ulbsibiu.ro/ro/despre/rapoarte-si-studii/
https://www.ulbsibiu.ro/wp-content/uploads/documents/generale/rapoarte/RAPORT_FINAL_CNFIS_FDI_2024_F_0060.pdf,pdf,https://www.ulbsibiu.ro/ro/despre/rapoarte-si-studii/
https://www.ulbsibiu.ro/wp-content/uploads/documents/generale/rapoarte/RAPORT_FINAL_CNFIS-FDI-2024-F-0523.pdf,pdf,https://www.ulbsibiu.ro/ro/despre/rapoarte-si-studii/
https://www.ulbsibiu.ro/wp-content/uploads/documents/generale/rapoarte/Raport_final%20-CNFIS-FDI-2024-F-0624.pdf,pdf,https://www.ulbsibiu.ro/ro/despre/rapoarte-si-studii/
https://www.ulbsibiu.ro/wp-content/uploads/documents/generale/RAPORT_FINAL_CNFIS-FDI-2025-F-0341.pdf,pdf,https://www.ulbsibiu.ro/ro/despre/rapoarte-si-studii/
https://senat.ulbsibiu.ro/wp-content/uploads/050526/7_Plan%20operational_Senat_martie2026.pdf,pdf,https://www.ulbsibiu.ro/ro/despre/programe-si-strategii/
https://senat.ulbsibiu.ro/wp-content/uploads/281124/3_Planul%20operational_Senat_noiem2024.pdf,pdf,https://www.ulbsibiu.ro/ro/despre/programe-si-strategii/
https://senat.ulbsibiu.ro/wp-content/uploads/280923/22_Planul%20operational%20ULBS%202023-2024_Senat_sept2023.pdf,pdf,https://www.ulbsibiu.ro/ro/despre/programe-si-strategii/
https://senat.ulbsibiu.ro/wp-content/uploads/300922/8_Plan%20operational%202022-2023_Senat_sept2022.pdf,pdf,https://www.ulbsibiu.ro/ro/despre/programe-si-strategii/
https://senat.ulbsibiu.ro/wp-content/uploads/250321/2_Plan%20operational%20privind%20actv%20manageriala_Senat_martie2021.pdf,pdf,https://www.ulbsibiu.ro/ro/despre/programe-si-strategii/
https://senat.ulbsibiu.ro/wp-content/uploads/250920/21.%20Plan%20operational%20privind%20actv%20manageriala%20la%20ULBS_Senat_sept2020%20.pdf,pdf,https://www.ulbsibiu.ro/ro/despre/programe-si-strategii/
http://senat.ulbsibiu.ro/wp-content/uploads/3_Planul%20operational%202019-2020.pdf,pdf,https://www.ulbsibiu.ro/ro/despre/programe-si-strategii/
http://senat.ulbsibiu.ro/wp-content/uploads/3_Planul-opera%C8%9Bional-2018-2019.pdf,pdf,https://www.ulbsibiu.ro/ro/despre/programe-si-strategii/
http://senat.ulbsibiu.ro/wp-content/uploads/Plan-Operational-2017-2018.pdf,pdf,https://www.ulbsibiu.ro/ro/despre/programe-si-strategii/
http://senat.ulbsibiu.ro/wp-content/uploads/Plan_operational_2016-2017.pdf,pdf,https://www.ulbsibiu.ro/ro/despre/programe-si-strategii/
https://senat.ulbsibiu.ro/wp-content/uploads/300125/2_Strategia%20ULBS_Senat_ian2025.pdf,pdf,https://www.ulbsibiu.ro/ro/despre/programe-si-strategii/
https://www.ulbsibiu.ro/wp-content/uploads/documents/generale/Lucian-Blaga-University-of-Sibiu-Strategy-_EN.pdf,pdf,https://www.ulbsibiu.ro/ro/despre/programe-si-strategii/
https://www.ulbsibiu.ro/wp-content/uploads/documents/generale/Strategia%20Alianței%20FORTHEM_RO.pdf,pdf,https://www.ulbsibiu.ro/ro/despre/programe-si-strategii/
https://www.ulbsibiu.ro/wp-content/uploads/documents/generale/FORTHEM Alliance Strategy_EN.png,png,https://www.ulbsibiu.ro/ro/despre/programe-si-strategii/
https://senat.ulbsibiu.ro/wp-content/uploads/281124/2_Planul%20strategic_Senat_noiem2024.pdf,pdf,https://www.ulbsibiu.ro/ro/despre/programe-si-strategii/
http://senat.ulbsibiu.ro/wp-content/uploads/STRATEGIE-ULBS-2020.pdf,pdf,https://www.ulbsibiu.ro/ro/despre/programe-si-strategii/
http://senat.ulbsibiu.ro/wp-content/uploads/STRATEGIA_DE_INTERNATIONALIZARE_A_ULBS.pdf,pdf,https://www.ulbsibiu.ro/ro/despre/programe-si-strategii/
https://www.ulbsibiu.ro/wp-content/uploads/documents/generale/Acte_infiintare_ULBS.pdf,pdf,https://www.ulbsibiu.ro/ro/despre/legislatie/
https://www.edu.ro/sites/default/files/_fi%C8%99iere/Invatamant-Superior/2016/studenti/OM_3666_2012_CODUL_DREPTURILOR_OBLIGATIILOR_STUDENTILOR%20.pdf,pdf,https://www.ulbsibiu.ro/ro/despre/legislatie/
http://www.ulbsibiu.ro/wp-content/uploads/documents/generale/legea_544_2001.pdf,pdf,https://www.ulbsibiu.ro/ro/despre/legislatie/
https://senat.ulbsibiu.ro/wp-content/uploads/060325/4_PO%20Raportarea%20prin%20canale%20interne%20de%20raportare%20si%20protectia%20avertizorilor_Senat_martie2025.pdf,pdf,https://www.ulbsibiu.ro/ro/contact/
https://antifrauda.gov.ro/w/wp-content/uploads/2017/02/Memorandum-privind-cresterea-transparentei-si-standardizarea-afisarii-informatiilor-de-interes-public.pdf,pdf,https://www.ulbsibiu.ro/ro/informatii-publice/
https://www.ulbsibiu.ro/wp-content/uploads/documents/alegeri/2026/RAPORT%20DE%20ACTIVITATE%20B.E.C.S.pdf,pdf,https://www.ulbsibiu.ro/ro/alegeri/
https://www.ulbsibiu.ro/wp-content/uploads/documents/alegeri/2026/Proces%20Verbal%20Rezultate%20Alegeri%20CA_17.02.2026.pdf,pdf,https://www.ulbsibiu.ro/ro/alegeri/
https://www.ulbsibiu.ro/wp-content/uploads/documents/alegeri/2026/Proces-verbal%20pentru%20finalizarea%20procesului%20.pdf,pdf,https://www.ulbsibiu.ro/ro/alegeri/
https://www.ulbsibiu.ro/wp-content/uploads/documents/alegeri/2026/Raport%20de%20activitate%20BECS.pdf,pdf,https://www.ulbsibiu.ro/ro/alegeri/
https://www.ulbsibiu.ro/wp-content/uploads/documents/alegeri/2026/NOTĂ%20DE%20COMPLETARE%20PENTRU%20PROCES-VERBAL%20DE%20CONSTATARE.pdf,pdf,https://www.ulbsibiu.ro/ro/alegeri/
https://www.ulbsibiu.ro/wp-content/uploads/documents/alegeri/2026/Programul%20Dezbaterilor%20și%20al%20Alegerilor%20pentru%20Consiliul%20de%20Administrație%20(C.A.).pdf,pdf,https://www.ulbsibiu.ro/ro/alegeri/
https://www.ulbsibiu.ro/wp-content/uploads/documents/alegeri/2026/PROCES-VERBAL%20DE%20CONSTATARE%20ȘI%20CLARIFICARE%20POST-ELECTORALA-.pdf,pdf,https://www.ulbsibiu.ro/ro/alegeri/
https://www.ulbsibiu.ro/wp-content/uploads/documents/alegeri/2026/Proces%20Verbal%20Rezultate%20Alegeri%20CF.pdf,pdf,https://www.ulbsibiu.ro/ro/alegeri/
https://www.ulbsibiu.ro/wp-content/uploads/documents/alegeri/2026/Lista%20candidaturi%20validate%20pentru%20C.A..pdf,pdf,https://www.ulbsibiu.ro/ro/alegeri/
https://www.ulbsibiu.ro/wp-content/uploads/documents/alegeri/2026/Programul%20Dezbaterilor%20și%20al%20Alegerilor%20pentru%20C.F..pdf,pdf,https://www.ulbsibiu.ro/ro/alegeri/
https://senat.ulbsibiu.ro/wp-content/uploads/311024/14_Regulament%20desf%20alegeri%20studenti_Senat_oct2024.pdf,pdf,https://www.ulbsibiu.ro/ro/alegeri/
https://www.ulbsibiu.ro/wp-content/uploads/documents/alegeri/2026/CERERE%20DE%20ÎNSCRIERE%20LA%20ALEGERI.docx,docx,https://www.ulbsibiu.ro/ro/alegeri/
https://www.ulbsibiu.ro/wp-content/uploads/documents/alegeri/2026/DECLARAȚIE%20DE%20ELIGIBILITATE.docx,docx,https://www.ulbsibiu.ro/ro/alegeri/
https://www.ulbsibiu.ro/wp-content/uploads/documents/alegeri/2026/NOTĂ%20COMPLETARE%20PENTRU%20DEPUNERE%20DOSAR%20C.A..docx.pdf,pdf,https://www.ulbsibiu.ro/ro/alegeri/
https://www.ulbsibiu.ro/wp-content/uploads/documents/alegeri/2025/Lista%20candidaturi%20validate%20după%20contesta%20pentru%20CF_fs.pdf,pdf,https://www.ulbsibiu.ro/ro/alegeri/
https://www.ulbsibiu.ro/wp-content/uploads/documents/alegeri/2025/Lista%20candidaturi%20validate%20pentru%20C.F..pdf,pdf,https://www.ulbsibiu.ro/ro/alegeri/
https://www.ulbsibiu.ro/wp-content/uploads/documents/alegeri/2025/Lista%20nominala%20studenti%20reprezentanti%20in%20CF.pdf,pdf,https://www.ulbsibiu.ro/ro/alegeri/
https://senat.ulbsibiu.ro/wp-content/uploads/041225/28_Componenta nominala a BECS si a Comisiei de solutionare a Contestatiilor_Senat_dec 2025.pdf,pdf,https://www.ulbsibiu.ro/ro/alegeri/
https://senat.ulbsibiu.ro/wp-content/uploads/041225/29_Calendarul alegerilor studentilor reprezentanti in CF_Senat_dec2025.pdf,pdf,https://www.ulbsibiu.ro/ro/alegeri/
https://senat.ulbsibiu.ro/wp-content/uploads/041225/30_Calendarul alegerilor ptr studentul reprezentant in CA_Senat_dec2025.pdf,pdf,https://www.ulbsibiu.ro/ro/alegeri/
https://www.ulbsibiu.ro/wp-content/uploads/documents/alegeri/Lista%20candidaturi%20pentru%20functia%20de%20prodecani.pdf,pdf,https://www.ulbsibiu.ro/ro/alegeri/
https://www.ulbsibiu.ro/wp-content/uploads/documents/alegeri/Anunt%20alegeri%20pentru%20ocuparea%20funcția%20de%20prodecan%20al%20Facultății%20de%20Științe%20Socioumane.pdf,pdf,https://www.ulbsibiu.ro/ro/alegeri/
https://www.ulbsibiu.ro/wp-content/uploads/documents/alegeri/Scrisoare%20de%20intentie-alegeri25-ssu.pdf,pdf,https://www.ulbsibiu.ro/ro/alegeri/
https://www.ulbsibiu.ro/wp-content/uploads/documents/alegeri/Declaratie%20de%20eligibilitate-alegeri25-ssu.pdf,pdf,https://www.ulbsibiu.ro/ro/alegeri/
https://www.ulbsibiu.ro/wp-content/uploads/documents/alegeri/2024/studenti/Proces%20Verbal%20Alegeri%20Noiembrie%20-%2022.11.2024.pdf,pdf,https://www.ulbsibiu.ro/ro/alegeri/
https://www.ulbsibiu.ro/wp-content/uploads/news//DOC221124-22112024184614-1.pdf,pdf,https://www.ulbsibiu.ro/ro/alegeri/
https://www.ulbsibiu.ro/wp-content/uploads/documents/alegeri/2024/Anunt%20alegeri%20pentru%20CF%20Stiinte.PDF,pdf,https://www.ulbsibiu.ro/ro/alegeri/
https://www.ulbsibiu.ro/wp-content/uploads/documents/alegeri/2024/Lista%20cadrelor%20didactice%20și%20de%20cercetare%20titulare%20cu%20drept%20de%20vot-Stiinte.pdf,pdf,https://www.ulbsibiu.ro/ro/alegeri/
https://www.ulbsibiu.ro/wp-content/uploads/documents/alegeri/2024/Lista%20candidatilor%20pentru%20CF%20Stiinte.PDF,pdf,https://www.ulbsibiu.ro/ro/alegeri/
https://www.ulbsibiu.ro/wp-content/uploads/documents/alegeri/2024/studenti/Rezultate%20alegeri%20studențești%2019.11.2024.pdf,pdf,https://www.ulbsibiu.ro/ro/alegeri/
https://www.ulbsibiu.ro/wp-content/uploads/news//REZULTATELE-ALEGERILOR-DIRECTORULUI-DPPD-si-a-MEMBRILOR-CONSILIULUI-DEPARTAMENTULUI_19.11.2024-.pdf,pdf,https://www.ulbsibiu.ro/ro/alegeri/
https://www.ulbsibiu.ro/wp-content/uploads/news//REZULTATELE-ALEGERILOR-MEMBRILOR-SENATULUI-ULBS_19.11.2024.pdf,pdf,https://www.ulbsibiu.ro/ro/alegeri/
https://www.ulbsibiu.ro/wp-content/uploads/news//REZULTATELE-ALEGERILOR-MEMBRILOR-in-CF_19.11.2024.pdf,pdf,https://www.ulbsibiu.ro/ro/alegeri/
https://www.ulbsibiu.ro/wp-content/uploads/news//REZULTATELE-ALEGERILOR-MEMBRILOR-CSUD_19.11.2024.pdf,pdf,https://www.ulbsibiu.ro/ro/alegeri/
https://www.ulbsibiu.ro/wp-content/uploads/documents/alegeri/2024/liste/Dosare%20candidaturi%20conducatori%20de%20doctorat%20pentru%20alegerea%20membrilor%20in%20CSUD.PDF,pdf,https://www.ulbsibiu.ro/ro/alegeri/
https://www.ulbsibiu.ro/wp-content/uploads/documents/alegeri/2024/liste/Dosar%20candidatură%20director%20de%20departement%20DPPD%20-%20MĂRĂȘESCU%20Maria%20Cristina.pdf,pdf,https://www.ulbsibiu.ro/ro/alegeri/
https://www.ulbsibiu.ro/wp-content/uploads/documents/alegeri/2024/liste/Dosar%20candidatură%20%20director%20de%20departament%20DPPD%20-%20IUNESCH%20Liana%20Regina.pdf,pdf,https://www.ulbsibiu.ro/ro/alegeri/
https://www.ulbsibiu.ro/wp-content/uploads/documents/alegeri/2024/liste/Rezultate%20analiza%20candidaturile%20pentru%20director%20de%20departament%20la%20DPPD.PDF,pdf,https://www.ulbsibiu.ro/ro/alegeri/
https://www.ulbsibiu.ro/wp-content/uploads/documents/alegeri/2024/liste/Lista%20candidaturilor%20pentru%20ocuparea%20posturilor%20vacante%20de%20la%20Senat%20și%20Consiliile%20Facultăților%201.PDF,pdf,https://www.ulbsibiu.ro/ro/alegeri/
https://www.ulbsibiu.ro/wp-content/uploads/documents/alegeri/2024/liste/Lista%20candidaturilor%20pentru%20ocuparea%20posturilor%20vacante%20de%20la%20Senat%20și%20Consiliile%20Facultăților%202.PDF,pdf,https://www.ulbsibiu.ro/ro/alegeri/
https://www.ulbsibiu.ro/wp-content/uploads/documents/alegeri/2024/studenti/Candidaturi%20validare%20pentru%20CF%20și%20Senat.docx.pdf,pdf,https://www.ulbsibiu.ro/ro/alegeri/
https://www.ulbsibiu.ro/wp-content/uploads/documents/alegeri/2024/studenti/Dosare%20validate%20alegeri%20CSUD%20DRD.docx.pdf,pdf,https://www.ulbsibiu.ro/ro/alegeri/
"https://www.ulbsibiu.ro/wp-content/uploads/documents/alegeri/2024/studenti/Datele%20de%20contact%20ale%20președintelui%20BECS,%20ale%20președintelui%20%20Comisiei%20pentru%20Soluționarea%20Contestațiilor%20și%20sediul%20Becs.pdf",pdf,https://www.ulbsibiu.ro/ro/alegeri/
https://www.ulbsibiu.ro/wp-content/uploads/documents/alegeri/2024/studenti/Componența%20Biroului%20Electoral%20Central%20pentru%20Studenți%20și%20componența%20Comisiei%20de%20Contestații.pdf,pdf,https://www.ulbsibiu.ro/ro/alegeri/
"https://www.ulbsibiu.ro/wp-content/uploads/documents/alegeri/2024/studenti/Locuri%20vacante%20alegeri%20studenți%20CF%20,CSUD%20și%20Senat_4.11.2024.docx",docx,https://www.ulbsibiu.ro/ro/alegeri/
https://www.ulbsibiu.ro/wp-content/uploads/documents/alegeri/2024/studenti/14_Regulament%20desfășurare%20alegeri%20studenti_Senat_oct2024.pdf,pdf,https://www.ulbsibiu.ro/ro/alegeri/
https://www.ulbsibiu.ro/wp-content/uploads/documents/alegeri/2024/studenti/15_Calendarul%20alegerilor%20reprezentantilor%20studentilor_Senat_oct2024.pdf,pdf,https://www.ulbsibiu.ro/ro/alegeri/
https://www.ulbsibiu.ro/wp-content/uploads/documents/alegeri/2024/studenti/Lista%20studenti%20electori%2008%2011%202024.pdf,pdf,https://www.ulbsibiu.ro/ro/alegeri/
https://www.ulbsibiu.ro/wp-content/uploads/documents/alegeri/2024/csud/1.%20Calendarul%20organizării%20și%20desfășurării%20alegerilor%20parțiale%20noiembrie%202024.docx,docx,https://www.ulbsibiu.ro/ro/alegeri/
https://www.ulbsibiu.ro/wp-content/uploads/documents/alegeri/2024/csud/2.%20Regulamente%20organizarea%20si%20desf%20alegerilor%20numirilor%20structurilor%20si%20functiilor%20de%20conducere_Senat_sept2023.pdf,pdf,https://www.ulbsibiu.ro/ro/alegeri/
https://www.ulbsibiu.ro/wp-content/uploads/documents/alegeri/2024/csud/3.%20Hotararea%20Senatului%20nr.%205260%20din%2031.10.2024.pdf,pdf,https://www.ulbsibiu.ro/ro/alegeri/
https://www.ulbsibiu.ro/wp-content/uploads/documents/alegeri/2024/csud/4.%20Notă%20privind%20programarea%20alegerilor%20parțiale%20ULBS.pdf,pdf,https://www.ulbsibiu.ro/ro/alegeri/
https://www.ulbsibiu.ro/wp-content/uploads/documents/alegeri/2024/csud/Lista%20cadrelor%20didactice%20și%20de%20cercetare%20titulare%20cu%20drept%20de%20vot-litere.pdf,pdf,https://www.ulbsibiu.ro/ro/alegeri/
https://www.ulbsibiu.ro/wp-content/uploads/documents/alegeri/2024/csud/Lista%20cadrelor%20didactice%20și%20de%20cercetare%20titulare%20cu%20drept%20de%20vot-inginerie.pdf,pdf,https://www.ulbsibiu.ro/ro/alegeri/
https://www.ulbsibiu.ro/wp-content/uploads/documents/alegeri/2024/csud/Lista%20cadrelor%20didactice%20și%20de%20cercetare%20titulare%20cu%20drept%20de%20vot-ssu.pdf,pdf,https://www.ulbsibiu.ro/ro/alegeri/
https://www.ulbsibiu.ro/wp-content/uploads/documents/alegeri/2024/csud/Lista%20cadrelor%20didactice%20și%20de%20cercetare%20titulare%20cu%20drept%20de%20vot-stiinte.pdf,pdf,https://www.ulbsibiu.ro/ro/alegeri/
https://www.ulbsibiu.ro/wp-content/uploads/documents/alegeri/2024/csud/Anexa%20Director%20Departament.docx,docx,https://www.ulbsibiu.ro/ro/alegeri/
https://www.ulbsibiu.ro/wp-content/uploads/documents/alegeri/2024/csud/Anexe%20CF%20docx.docx,docx,https://www.ulbsibiu.ro/ro/alegeri/
https://www.ulbsibiu.ro/wp-content/uploads/documents/alegeri/2024/csud/Anexe%20Senat.docx,docx,https://www.ulbsibiu.ro/ro/alegeri/
https://www.ulbsibiu.ro/wp-content/uploads/documents/alegeri/2024/csud/Metodologia%20de%20desemnare%20a%20membrilor%20CSUD%20ULBS.pdf,pdf,https://www.ulbsibiu.ro/ro/alegeri/
https://www.ulbsibiu.ro/wp-content/uploads/documents/alegeri/2024/csud/Calendar%20alegeri%20membri%20CSUD.pdf,pdf,https://www.ulbsibiu.ro/ro/alegeri/
https://www.ulbsibiu.ro/wp-content/uploads/documents/alegeri/2024/csud/Lista%20electorilor%20conducatori%20de%20doctorat%20pentru%20CSUD_31.10.2024.pdf,pdf,https://www.ulbsibiu.ro/ro/alegeri/
https://www.ulbsibiu.ro/wp-content/uploads/documents/alegeri/2024/csud/Scrisoare%20de%20intentie%20membru%20CSUD.docx,docx,https://www.ulbsibiu.ro/ro/alegeri/
https://www.ulbsibiu.ro/wp-content/uploads/documents/alegeri/2024/csud/Declaratie%20de%20eligibilitate%20membru%20CSUD.docx,docx,https://www.ulbsibiu.ro/ro/alegeri/
https://www.ulbsibiu.ro/wp-content/uploads/documents/alegeri/2024/csud/Repartizarea%20locurilor%20in%20CSUD%20cirsumscriptii%20sectii%20de%20votare.pdf,pdf,https://www.ulbsibiu.ro/ro/alegeri/
https://www.ulbsibiu.ro/wp-content/uploads/documents/alegeri/2024/BOICEAN%20ADRIAN%20_AVIZ%20BEU%20.pdf,pdf,https://www.ulbsibiu.ro/ro/alegeri/
https://www.ulbsibiu.ro/wp-content/uploads/documents/alegeri/2024/BOICEAN%20ADRIAN_AVIZ%20FACULTATE.pdf,pdf,https://www.ulbsibiu.ro/ro/alegeri/
https://www.ulbsibiu.ro/wp-content/uploads/documents/alegeri/2024/BOICEAN%20ADRIAN_DOCUMENTE_DIRECTOR%20DEP%20REZIDENTIAT_copie.pdf,pdf,https://www.ulbsibiu.ro/ro/alegeri/
https://senat.ulbsibiu.ro/wp-content/uploads/260424/13_Calendar%20concurs%20director%20Dep%20rezidentiat_Senat_aprilie2024.pdf,pdf,https://www.ulbsibiu.ro/ro/alegeri/
https://senat.ulbsibiu.ro/wp-content/uploads/260424/Hotararea%20Senatului%20nr.%202278%20din%2026.04.2024.pdf,pdf,https://www.ulbsibiu.ro/ro/alegeri/
https://www.ulbsibiu.ro/wp-content/uploads/documents/alegeri/2023/Candidaturi-prodecan.pdf,pdf,https://www.ulbsibiu.ro/ro/alegeri/
https://www.ulbsibiu.ro/wp-content/uploads/documents/alegeri/2023/Calendarul-alegerilor-prodecani.pdf,pdf,https://www.ulbsibiu.ro/ro/alegeri/
https://www.ulbsibiu.ro/wp-content/uploads/documents/alegeri/2023/Rezultatele-concursurilor-pentru-posturile-de-decan.pdf,pdf,https://www.ulbsibiu.ro/ro/alegeri/
https://www.ulbsibiu.ro/wp-content/uploads/documents/alegeri/2023/Programarea-interviurilor.pdf,pdf,https://www.ulbsibiu.ro/ro/alegeri/
https://www.ulbsibiu.ro/wp-content/uploads/documents/alegeri/2023/AlegeriCA_PV.pdf,pdf,https://www.ulbsibiu.ro/ro/alegeri/
https://www.ulbsibiu.ro/wp-content/uploads/documents/alegeri/2024/Facultatea%20de%20Drept_CIRCA%20ADRIAN.pdf,pdf,https://www.ulbsibiu.ro/ro/alegeri/
https://www.ulbsibiu.ro/wp-content/uploads/documents/alegeri/2024/Facultatea%20de%20Drept_SPINEI%20SEBASTIAN%20CONSTANTIN.pdf,pdf,https://www.ulbsibiu.ro/ro/alegeri/
https://www.ulbsibiu.ro/wp-content/uploads/documents/alegeri/2024/Facultatea%20de%20Inginerie_MORARIU%20IONEL%20DANIEL.pdf,pdf,https://www.ulbsibiu.ro/ro/alegeri/
https://www.ulbsibiu.ro/wp-content/uploads/documents/alegeri/2024/Facultatea%20de%20Inginerie_VINȚAN%20MARIA.pdf,pdf,https://www.ulbsibiu.ro/ro/alegeri/
https://www.ulbsibiu.ro/wp-content/uploads/documents/alegeri/2024/Facultatea%20de%20Litere%20și%20Arte_BURSUȘEL%20EVA%20-%20NICOLETA.pdf,pdf,https://www.ulbsibiu.ro/ro/alegeri/
https://www.ulbsibiu.ro/wp-content/uploads/documents/alegeri/2024/Facultatea%20de%20Litere%20și%20Arte_VARGA%20DRAGOȘ%20-%20VALENTIN.pdf,pdf,https://www.ulbsibiu.ro/ro/alegeri/
https://www.ulbsibiu.ro/wp-content/uploads/documents/alegeri/2024/Facultatea%20de%20Medicină_FLEACĂ%20SORIN%20RADU.pdf,pdf,https://www.ulbsibiu.ro/ro/alegeri/
https://www.ulbsibiu.ro/wp-content/uploads/documents/alegeri/2024/Facultatea%20de%20Medicină_MOHOR%20COSMIN-IOAN.pdf,pdf,https://www.ulbsibiu.ro/ro/alegeri/
https://www.ulbsibiu.ro/wp-content/uploads/documents/alegeri/2024/Facultatea%20de%20Științe_ACU%20ANA-MARIA.pdf,pdf,https://www.ulbsibiu.ro/ro/alegeri/
https://www.ulbsibiu.ro/wp-content/uploads/documents/alegeri/2024/Facultatea%20de%20Științe_SOFONEA%20DANIEL-FLORIN.pdf,pdf,https://www.ulbsibiu.ro/ro/alegeri/
https://www.ulbsibiu.ro/wp-content/uploads/documents/alegeri/2024/Facultatea%20de%20SAIAPM_%20ANTOFIE%20MARIA-MIHAELA.pdf,pdf,https://www.ulbsibiu.ro/ro/alegeri/
https://www.ulbsibiu.ro/wp-content/uploads/documents/alegeri/2024/Facultatea%20de%20SAIAPM_SAVA%20CAMELIA.pdf,pdf,https://www.ulbsibiu.ro/ro/alegeri/
https://www.ulbsibiu.ro/wp-content/uploads/documents/alegeri/2024/Facultatea%20de%20Științe%20Economice_OPREANA%20ALIN.pdf,pdf,https://www.ulbsibiu.ro/ro/alegeri/
https://www.ulbsibiu.ro/wp-content/uploads/documents/alegeri/2024/Facultatea%20de%20Științe%20Economice_SAVA%20RALUCA.pdf,pdf,https://www.ulbsibiu.ro/ro/alegeri/
https://www.ulbsibiu.ro/wp-content/uploads/documents/alegeri/2024/Facultatea%20de%20Științe%20Socio%20-%20Umane_CREȚU%20VICTOR%20-%20DANIEL%20.pdf,pdf,https://www.ulbsibiu.ro/ro/alegeri/
https://www.ulbsibiu.ro/wp-content/uploads/documents/alegeri/2024/Facultatea%20de%20Științe%20Socio%20-%20Umane_MARA%20DANIEL%20.pdf,pdf,https://www.ulbsibiu.ro/ro/alegeri/
https://www.ulbsibiu.ro/wp-content/uploads/documents/alegeri/2024/Facultatea%20de%20Teologie_BÎRZU%20VASILICĂ.pdf,pdf,https://www.ulbsibiu.ro/ro/alegeri/
https://www.ulbsibiu.ro/wp-content/uploads/documents/alegeri/2024/Facultatea%20de%20Teologie_OANCEA%20CONSTANTIN%20HORIA.pdf,pdf,https://www.ulbsibiu.ro/ro/alegeri/
https://www.ulbsibiu.ro/wp-content/uploads/documents/alegeri/2023/Rezultatul-analizei-dosarelor-de-candidatura-pentru-functiile-de-DECANI.pdf,pdf,https://www.ulbsibiu.ro/ro/alegeri/
https://www.ulbsibiu.ro/wp-content/uploads/documents/alegeri/2023/Dosar-Prorector_AVRIGEAN-EUGEN.pdf,pdf,https://www.ulbsibiu.ro/ro/alegeri/
https://www.ulbsibiu.ro/wp-content/uploads/documents/alegeri/2023/Dosar-Prorector_DURA-HORATIU-EMILIAN.pdf,pdf,https://www.ulbsibiu.ro/ro/alegeri/
https://www.ulbsibiu.ro/wp-content/uploads/documents/alegeri/2023/Dosar-Prorector_SASSU-ANA-RALUCA.pdf,pdf,https://www.ulbsibiu.ro/ro/alegeri/
https://www.ulbsibiu.ro/wp-content/uploads/documents/alegeri/2023/Dosar-Prorector_TERIAN-DAN-ANDREI.pdf,pdf,https://www.ulbsibiu.ro/ro/alegeri/
https://www.ulbsibiu.ro/wp-content/uploads/documents/alegeri/2023/Rezultatul-analizei-dosarelor-prorectori-2024-2029.pdf,pdf,https://www.ulbsibiu.ro/ro/alegeri/
https://www.ulbsibiu.ro/wp-content/uploads/documents/alegeri/2023/Calendar-CA-studenti.pdf,pdf,https://www.ulbsibiu.ro/ro/alegeri/
https://www.ulbsibiu.ro/wp-content/uploads/documents/alegeri/2023/Calendarul-alegerilor-prorectori-decani-1.pdf,pdf,https://www.ulbsibiu.ro/ro/alegeri/
https://www.ulbsibiu.ro/wp-content/uploads/documents/alegeri/2023/Rezultatul-alegerilor-pentru-functia-de-Rector-al-Universitatii-Lucian-Blaga-din-Sibiu.pdf,pdf,https://www.ulbsibiu.ro/ro/alegeri/
https://www.ulbsibiu.ro/wp-content/uploads/documents/alegeri/2023/Model - Buletin de vot Turul 1 Rector.pdf,pdf,https://www.ulbsibiu.ro/ro/alegeri/
https://www.ulbsibiu.ro/wp-content/uploads/documents/alegeri/2023/1-Cerere-de-candidatura.pdf,pdf,https://www.ulbsibiu.ro/ro/alegeri/
https://www.ulbsibiu.ro/wp-content/uploads/documents/alegeri/2023/2-Declaratie-de-eligibilitate.pdf,pdf,https://www.ulbsibiu.ro/ro/alegeri/
https://www.ulbsibiu.ro/wp-content/uploads/documents/alegeri/2023/2-Sorin-Radu_CV.pdf,pdf,https://www.ulbsibiu.ro/ro/alegeri/
https://www.ulbsibiu.ro/wp-content/uploads/documents/alegeri/2023/4-Program-managerial-Sorin-Radu-2024.pdf,pdf,https://www.ulbsibiu.ro/ro/alegeri/
https://www.ulbsibiu.ro/wp-content/uploads/documents/alegeri/2023/5-Sorin-Radu_Lista-lucrari-stiintifice.pdf,pdf,https://www.ulbsibiu.ro/ro/alegeri/
https://www.ulbsibiu.ro/wp-content/uploads/documents/alegeri/2023/FACULTATEA-DE-DREPT-LISTA-cadrelor-didactice-si-de-cercetare-titulare-cu-drept-de-vot-pentru-participarea-la-alegerea-rectorului-ULBS.pdf,pdf,https://www.ulbsibiu.ro/ro/alegeri/
https://www.ulbsibiu.ro/wp-content/uploads/documents/alegeri/2023/FACULTATEA-DE-INGINERIE-LISTA-cadrelor-didactice-si-de-cercetare-titulare-cu-drept-de-vot-pentru-participarea-la-alegerea-rectorului-ULBS.pdf,pdf,https://www.ulbsibiu.ro/ro/alegeri/
https://www.ulbsibiu.ro/wp-content/uploads/documents/alegeri/2023/FACULTATEA-DE-LITERE-LISTA-cadrelor-didactice-si-de-cercetare-titulare-cu-drept-de-vot-pentru-participarea-la-alegerea-rectorului-ULBS.pdf,pdf,https://www.ulbsibiu.ro/ro/alegeri/
https://www.ulbsibiu.ro/wp-content/uploads/documents/alegeri/2023/FACULTATEA-DE-MEDICINA-LISTA-cadrelor-didactice-si-de-cercetare-titulare-cu-drept-de-vot-pentru-participarea-la-alegerea-rectorului-ULBS.pdf,pdf,https://www.ulbsibiu.ro/ro/alegeri/
https://www.ulbsibiu.ro/wp-content/uploads/documents/alegeri/2023/FACULTATEA-DE-SAIAPM-LISTA-cadrelor-didactice-si-de-cercetare-titulare-cu-drept-de-vot-pentru-participarea-la-alegerea-rectorului-ULBS.pdf,pdf,https://www.ulbsibiu.ro/ro/alegeri/
https://www.ulbsibiu.ro/wp-content/uploads/documents/alegeri/2023/FACULTATEA-DE-SOCIO-UMANE-LISTA-cadrelor-didactice-si-de-cercetare-titulare-cu-drept-de-vot-pentru-participarea-la-alegerea-rectorului-ULBS.pdf,pdf,https://www.ulbsibiu.ro/ro/alegeri/
https://www.ulbsibiu.ro/wp-content/uploads/documents/alegeri/2023/FACULTATEA-DE-ST-ECONOMICE-LISTA-cadrelor-didactice-si-de-cercetare-titulare-cu-drept-de-vot-pentru-participarea-la-alegerea-rectorului-ULBS.pdf,pdf,https://www.ulbsibiu.ro/ro/alegeri/
https://www.ulbsibiu.ro/wp-content/uploads/documents/alegeri/2023/FACULTATEA-DE-STIINTE-LISTA-cadrelor-didactice-si-de-cercetare-titulare-cu-drept-de-vot-pentru-participarea-la-alegerea-rectorului-ULBS.pdf,pdf,https://www.ulbsibiu.ro/ro/alegeri/
https://www.ulbsibiu.ro/wp-content/uploads/documents/alegeri/2023/FACULTATEA-DE-TEOLOGIE-LISTA-cadrelor-didactice-si-de-cercetare-titulare-cu-drept-de-vot-pentru-participarea-la-alegerea-rectorului-ULBS.pdf,pdf,https://www.ulbsibiu.ro/ro/alegeri/
https://www.ulbsibiu.ro/wp-content/uploads/documents/alegeri/2023/ULBS-LISTA-studentilor-cu-drept-de-vot-pentru-participarea-la-alegerea-rectorului-ULBS.pdf,pdf,https://www.ulbsibiu.ro/ro/alegeri/
https://www.ulbsibiu.ro/wp-content/uploads/documents/alegeri/Rezultatul%20analizei%20dosarului%20de%20candidatura%20pentru%20functia%20de%20Rector.pdf,pdf,https://www.ulbsibiu.ro/ro/alegeri/
https://www.ulbsibiu.ro/wp-content/uploads/documents/alegeri/studenti/Raport%20final%20BECS.pdf,pdf,https://www.ulbsibiu.ro/ro/alegeri/
https://www.ulbsibiu.ro/wp-content/uploads/documents/alegeri/studenti/Proces%20verbal%20%20Alegeri%2008.01.2024%20Semnat-1.pdf,pdf,https://www.ulbsibiu.ro/ro/alegeri/
